pickup_datetime,trips,avg_fare
2008-12-31 23:00:00,1,70.0
2009-01-01 00:00:00,1,8.6
2009-01-01 14:00:00,1,50.6
2025-08-31 23:00:00,6,15.6
2025-09-01 00:00:00,2317,23.34509279240397
2025-09-01 01:00:00,1375,21.23709090909091
2025-09-01 02:00:00,791,18.408520859671302
2025-09-01 03:00:00,517,20.47303675048356
2025-09-01 04:00:00,427,26.060702576112412
2025-09-01 05:00:00,442,39.40296380090498
2025-09-01 06:00:00,640,30.363999999999997
2025-09-01 07:00:00,969,29.3243653250774
2025-09-01 08:00:00,1461,27.782450376454484
2025-09-01 09:00:00,1929,22.79772420943494
2025-09-01 10:00:00,2652,21.446651583710405
2025-09-01 11:00:00,3235,22.029938176197838
2025-09-01 12:00:00,3783,22.180869680148028
2025-09-01 13:00:00,3948,21.607857142857146
2025-09-01 14:00:00,4596,23.893046127067016
2025-09-01 15:00:00,4756,24.155174516400336
2025-09-01 16:00:00,4719,23.627904216995127
2025-09-01 17:00:00,4910,23.007061099796335
2025-09-01 18:00:00,4636,21.617640207075066
2025-09-01 19:00:00,4207,22.46024720703589
2025-09-01 20:00:00,4054,24.046329551060683
2025-09-01 21:00:00,3763,25.744198777571086
2025-09-01 22:00:00,2953,28.46567558415171
2025-09-01 23:00:00,2531,29.302287633346502
2025-09-02 00:00:00,1620,26.474944444444446
2025-09-02 01:00:00,599,30.766611018363943
2025-09-02 02:00:00,177,21.57175141242938
2025-09-02 03:00:00,152,29.041447368421053
2025-09-02 04:00:00,184,35.866358695652174
2025-09-02 05:00:00,672,30.741220238095234
2025-09-02 06:00:00,1589,25.002555066079292
2025-09-02 07:00:00,3081,20.604079844206424
2025-09-02 08:00:00,4098,19.286866764275256
2025-09-02 09:00:00,4632,20.120231001727117
2025-09-02 10:00:00,4917,19.68591620907057
2025-09-02 11:00:00,4852,20.651108821104696
2025-09-02 12:00:00,5226,20.82552812858783
2025-09-02 13:00:00,5336,20.81955584707646
2025-09-02 14:00:00,5810,21.67932185886403
2025-09-02 15:00:00,5959,21.7414348044974
2025-09-02 16:00:00,6189,74.99443044110518
2025-09-02 17:00:00,7094,21.121532280800675
2025-09-02 18:00:00,7204,19.300924486396443
2025-09-02 19:00:00,5734,19.279171607952563
2025-09-02 20:00:00,5123,20.02141323443295
2025-09-02 21:00:00,4743,20.67350621969218
2025-09-02 22:00:00,3459,22.866828563168546
2025-09-02 23:00:00,2360,28.303567796610167
2025-09-03 00:00:00,1750,26.01428
2025-09-03 01:00:00,574,27.08048780487805
2025-09-03 02:00:00,252,22.944047619047616
2025-09-03 03:00:00,153,25.939869281045752
2025-09-03 04:00:00,180,28.54338888888889
2025-09-03 05:00:00,555,27.949783783783783
2025-09-03 06:00:00,1533,21.172550554468362
2025-09-03 07:00:00,3391,17.953615452668828
2025-09-03 08:00:00,4576,18.207349213286715
2025-09-03 09:00:00,4999,18.80855571114223
2025-09-03 10:00:00,5296,19.551074395770392
2025-09-03 11:00:00,5580,20.26609139784946
2025-09-03 12:00:00,5789,20.54981689410952
2025-09-03 13:00:00,5902,21.212641477465265
2025-09-03 14:00:00,6393,20.974720788362273
2025-09-03 15:00:00,6377,20.439379018347186
2025-09-03 16:00:00,6734,21.45090288090288
2025-09-03 17:00:00,7341,20.36439449666258
2025-09-03 18:00:00,7917,18.793731211317418
2025-09-03 19:00:00,6807,18.050978404583518
2025-09-03 20:00:00,6299,19.09075567550405
2025-09-03 21:00:00,5789,18.407137674900675
2025-09-03 22:00:00,4886,21.267099877200163
2025-09-03 23:00:00,3148,22.728878653113085
2025-09-04 00:00:00,1946,22.98323741007194
2025-09-04 01:00:00,684,18.421067251461988
2025-09-04 02:00:00,371,18.40420485175202
2025-09-04 03:00:00,220,18.134999999999998
2025-09-04 04:00:00,249,28.926506024096383
2025-09-04 05:00:00,552,26.722971014492753
2025-09-04 06:00:00,1545,22.125631067961166
2025-09-04 07:00:00,3578,18.459474566797095
2025-09-04 08:00:00,4664,18.431610205831905
2025-09-04 09:00:00,5036,18.656511119936457
2025-09-04 10:00:00,5379,19.326426845138503
2025-09-04 11:00:00,5765,19.52282046834345
2025-09-04 12:00:00,5958,19.83748741188318
2025-09-04 13:00:00,6093,20.665169867060563
2025-09-04 14:00:00,7037,22.303652124484863
2025-09-04 15:00:00,6946,21.536858623668298
2025-09-04 16:00:00,6987,22.105700586804065
2025-09-04 17:00:00,7540,19.901779840848807
2025-09-04 18:00:00,8303,18.09421052631579
2025-09-04 19:00:00,8873,17.34417333483602
2025-09-04 20:00:00,7050,17.86258014184397
2025-09-04 21:00:00,6247,19.187489995197694
2025-09-04 22:00:00,5829,19.966488248413107
2025-09-04 23:00:00,4155,21.081619735258727
2025-09-05 00:00:00,3357,21.79223711647304
2025-09-05 01:00:00,1950,23.595784615384616
2025-09-05 02:00:00,735,17.665183673469386
2025-09-05 03:00:00,467,20.84847965738758
2025-09-05 04:00:00,338,23.038816568047338
2025-09-05 05:00:00,638,29.574921630094043
2025-09-05 06:00:00,1396,24.345315186246417
2025-09-05 07:00:00,3183,19.93646559849199
2025-09-05 08:00:00,4062,18.68579025110783
2025-09-05 09:00:00,4527,19.01571018334438
2025-09-05 10:00:00,4896,20.225392156862746
2025-09-05 11:00:00,5114,19.80734845522096
2025-09-05 12:00:00,5416,20.519050960118168
2025-09-05 13:00:00,5799,20.79714778410071
2025-09-05 14:00:00,6638,21.695604097619768
2025-09-05 15:00:00,6615,21.699578231292517
2025-09-05 16:00:00,6465,21.989118329466358
2025-09-05 17:00:00,7067,20.46600820716004
2025-09-05 18:00:00,7585,17.932214897824654
2025-09-05 19:00:00,6630,17.8725641025641
2025-09-05 20:00:00,5752,19.61018949930459
2025-09-05 21:00:00,5594,19.382071862710045
2025-09-05 22:00:00,5839,19.879934920363077
2025-09-05 23:00:00,5697,19.499738458837985
2025-09-06 00:00:00,4659,17.393794805752307
2025-09-06 01:00:00,3689,14.590634318243426
2025-09-06 02:00:00,2646,15.035786092214664
2025-09-06 03:00:00,1619,15.305003088326126
2025-09-06 04:00:00,817,19.666523867809058
2025-09-06 05:00:00,397,28.146221662468513
2025-09-06 06:00:00,643,25.680622083981337
2025-09-06 07:00:00,1258,22.579570747217804
2025-09-06 08:00:00,2162,20.040864939870488
2025-09-06 09:00:00,3048,18.30595472440945
2025-09-06 10:00:00,3982,19.265306378704167
2025-09-06 11:00:00,4687,19.333840409643695
2025-09-06 12:00:00,5236,19.958850267379677
2025-09-06 13:00:00,5577,21.443869463869465
2025-09-06 14:00:00,6505,21.652384319754038
2025-09-06 15:00:00,6208,21.49654800257732
2025-09-06 16:00:00,5012,19.773337988826817
2025-09-06 17:00:00,5740,18.440735191637632
2025-09-06 18:00:00,6164,19.64310999351071
2025-09-06 19:00:00,6004,19.97195369753498
2025-09-06 20:00:00,6291,18.22470831346368
2025-09-06 21:00:00,5750,20.224452173913043
2025-09-06 22:00:00,5400,20.601861111111113
2025-09-06 23:00:00,5115,18.801616813294235
2025-09-07 00:00:00,4331,17.26664973447241
2025-09-07 01:00:00,3504,17.08588184931507
2025-09-07 02:00:00,2552,15.991974921630092
2025-09-07 03:00:00,1654,15.409715840386939
2025-09-07 04:00:00,870,18.64258620689655
2025-09-07 05:00:00,438,30.164931506849314
2025-09-07 06:00:00,607,27.212520593080725
2025-09-07 07:00:00,1152,25.227239583333333
2025-09-07 08:00:00,2073,23.254833574529666
2025-09-07 09:00:00,2791,20.171658903618773
2025-09-07 10:00:00,3916,18.90626659856997
2025-09-07 11:00:00,4729,19.850488475364774
2025-09-07 12:00:00,5581,20.021107328435765
2025-09-07 13:00:00,5089,20.62509530359599
2025-09-07 14:00:00,5256,22.517895738203958
2025-09-07 15:00:00,5279,23.310418639893918
2025-09-07 16:00:00,5282,23.074159409314653
2025-09-07 17:00:00,5424,23.359391592920353
2025-09-07 18:00:00,5201,22.196742934051144
2025-09-07 19:00:00,4825,22.417123316062174
2025-09-07 20:00:00,4242,22.159903347477606
2025-09-07 21:00:00,3833,23.14175841377511
2025-09-07 22:00:00,3132,26.709179438058747
2025-09-07 23:00:00,2328,29.722048969072162
2025-09-08 00:00:00,1757,28.52565737051793
2025-09-08 01:00:00,644,25.534906832298137
2025-09-08 02:00:00,235,16.843404255319147
2025-09-08 03:00:00,177,24.479152542372884
2025-09-08 04:00:00,296,33.051925675675676
2025-09-08 05:00:00,628,29.334474522292993
2025-09-08 06:00:00,1502,24.094221038615178
2025-09-08 07:00:00,3074,19.949463240078074
2025-09-08 08:00:00,4360,19.788866972477066
2025-09-08 09:00:00,4599,20.265429441182867
2025-09-08 10:00:00,4643,20.618763730346757
2025-09-08 11:00:00,4862,21.153969559851912
2025-09-08 12:00:00,5138,21.445815492409498
2025-09-08 13:00:00,5304,21.292435897435897
2025-09-08 14:00:00,6136,22.411321707953064
2025-09-08 15:00:00,6280,22.108835987261145
2025-09-08 16:00:00,6188,21.460795087265673
2025-09-08 17:00:00,7014,21.335126889078982
2025-09-08 18:00:00,7031,18.504073389276062
2025-09-08 19:00:00,6222,19.325384120861457
2025-09-08 20:00:00,5765,20.31750910667823
2025-09-08 21:00:00,5212,19.21417306216424
2025-09-08 22:00:00,3984,21.478624497991966
2025-09-08 23:00:00,2388,22.907634003350083
2025-09-09 00:00:00,1228,29.272557003257326
2025-09-09 01:00:00,449,24.19955456570156
2025-09-09 02:00:00,219,22.01917808219178
2025-09-09 03:00:00,160,27.309312499999997
2025-09-09 04:00:00,196,29.38061224489796
2025-09-09 05:00:00,573,26.647783595113438
2025-09-09 06:00:00,1566,22.207094508301402
2025-09-09 07:00:00,3633,18.433355353702176
2025-09-09 08:00:00,4752,18.688890993265993
2025-09-09 09:00:00,5287,19.322918479288823
2025-09-09 10:00:00,5234,19.676602980512037
2025-09-09 11:00:00,5410,20.589988909426985
2025-09-09 12:00:00,5816,20.772089064649244
2025-09-09 13:00:00,5761,21.59162992536018
2025-09-09 14:00:00,6476,21.97992896849907
2025-09-09 15:00:00,6913,21.650062201649067
2025-09-09 16:00:00,6930,21.776497835497835
2025-09-09 17:00:00,7717,19.615912919528313
2025-09-09 18:00:00,8267,18.167696867061814
2025-09-09 19:00:00,7266,18.05371180842279
2025-09-09 20:00:00,7001,17.85162262533924
2025-09-09 21:00:00,6649,18.639254023161378
2025-09-09 22:00:00,4943,18.856231033785154
2025-09-09 23:00:00,3047,20.462960288808663
2025-09-10 00:00:00,1477,24.29624915368991
2025-09-10 01:00:00,665,17.646766917293235
2025-09-10 02:00:00,350,16.33514285714286
2025-09-10 03:00:00,194,18.223711340206187
2025-09-10 04:00:00,241,32.371369294605806
2025-09-10 05:00:00,597,27.981742043551087
2025-09-10 06:00:00,1795,20.367805013927576
2025-09-10 07:00:00,3713,18.887201723673577
2025-09-10 08:00:00,5228,17.780791889824023
2025-09-10 09:00:00,5333,19.34756234764673
2025-09-10 10:00:00,5584,20.74427471346705
2025-09-10 11:00:00,5787,21.454273371349576
2025-09-10 12:00:00,6024,22.196510624169985
2025-09-10 13:00:00,6118,22.563783916312524
2025-09-10 14:00:00,6627,23.995583220159954
2025-09-10 15:00:00,6966,22.993650588573068
2025-09-10 16:00:00,6960,23.713864942528737
2025-09-10 17:00:00,7816,21.514994882292733
2025-09-10 18:00:00,8319,19.558025003005167
2025-09-10 19:00:00,7783,19.038097134780934
2025-09-10 20:00:00,7250,19.72881931034483
2025-09-10 21:00:00,7171,18.925105285176404
2025-09-10 22:00:00,5951,20.198055788943037
2025-09-10 23:00:00,4069,21.492187269599413
2025-09-11 00:00:00,2125,21.34764705882353
2025-09-11 01:00:00,1007,17.314955312810326
2025-09-11 02:00:00,526,15.1793536121673
2025-09-11 03:00:00,324,18.50586419753086
2025-09-11 04:00:00,318,26.97632075471698
2025-09-11 05:00:00,644,27.904409937888197
2025-09-11 06:00:00,1588,22.30877204030227
2025-09-11 07:00:00,3582,19.01288944723618
2025-09-11 08:00:00,4664,18.49475343053173
2025-09-11 09:00:00,4971,19.201514785757393
2025-09-11 10:00:00,5156,19.907152831652443
2025-09-11 11:00:00,5396,21.43290214974055
2025-09-11 12:00:00,5793,21.984916278266873
2025-09-11 13:00:00,6135,21.91005378973105
2025-09-11 14:00:00,6758,22.506387984610832
2025-09-11 15:00:00,7013,22.325930414943677
2025-09-11 16:00:00,7155,22.767551362683438
2025-09-11 17:00:00,8114,21.946905348779886
2025-09-11 18:00:00,8652,19.29782709200185
2025-09-11 19:00:00,7638,18.19651872217858
2025-09-11 20:00:00,7159,19.992705685151556
2025-09-11 21:00:00,7067,19.83310740059431
2025-09-11 22:00:00,6546,20.984084937366333
2025-09-11 23:00:00,4870,20.451275154004108
2025-09-12 00:00:00,3011,19.66137163732979
2025-09-12 01:00:00,1815,17.418561983471072
2025-09-12 02:00:00,1038,15.621637764932563
2025-09-12 03:00:00,625,17.464768
2025-09-12 04:00:00,435,24.384528735632184
2025-09-12 05:00:00,648,29.041481481481483
2025-09-12 06:00:00,1458,24.401824417009603
2025-09-12 07:00:00,3023,22.045507773734702
2025-09-12 08:00:00,3876,21.75438596491228
2025-09-12 09:00:00,4386,21.46091427268582
2025-09-12 10:00:00,4729,21.201985620638613
2025-09-12 11:00:00,5131,21.605416098226467
2025-09-12 12:00:00,5460,22.304857142857145
2025-09-12 13:00:00,5474,21.525586408476432
2025-09-12 14:00:00,6562,23.435153916488876
2025-09-12 15:00:00,6733,22.809772761027777
2025-09-12 16:00:00,6942,22.931799193316046
2025-09-12 17:00:00,7589,20.42074449861642
2025-09-12 18:00:00,8018,18.4151434272886
2025-09-12 19:00:00,7197,18.934300402945674
2025-09-12 20:00:00,6199,19.5849879012744
2025-09-12 21:00:00,6246,20.183381364073007
2025-09-12 22:00:00,6818,19.852707538867705
2025-09-12 23:00:00,5859,18.87642942481652
2025-09-13 00:00:00,4985,17.991031093279837
2025-09-13 01:00:00,3838,15.324551849921834
2025-09-13 02:00:00,2975,14.96763025210084
2025-09-13 03:00:00,1899,15.535186940494997
2025-09-13 04:00:00,995,19.7556783919598
2025-09-13 05:00:00,488,26.294897540983605
2025-09-13 06:00:00,764,23.62609947643979
2025-09-13 07:00:00,1326,23.298604826546004
2025-09-13 08:00:00,2152,18.721445167286248
2025-09-13 09:00:00,3321,17.754670280036134
2025-09-13 10:00:00,4242,16.99623998114097
2025-09-13 11:00:00,4940,17.887884615384614
2025-09-13 12:00:00,5409,18.078868552412647
2025-09-13 13:00:00,5801,19.53813480434408
2025-09-13 14:00:00,6077,20.213516537765344
2025-09-13 15:00:00,6462,19.861118848653668
2025-09-13 16:00:00,6563,20.528386408654576
2025-09-13 17:00:00,6811,20.446239906034357
2025-09-13 18:00:00,7070,19.44725459688826
2025-09-13 19:00:00,6750,19.41080888888889
2025-09-13 20:00:00,5845,19.358494439692045
2025-09-13 21:00:00,5802,18.390710099965528
2025-09-13 22:00:00,6424,18.269498754669986
2025-09-13 23:00:00,6327,18.621980401454085
2025-09-14 00:00:00,5037,17.09008338296605
2025-09-14 01:00:00,3969,15.772421264802217
2025-09-14 02:00:00,3031,15.402645991421972
2025-09-14 03:00:00,1919,16.530932777488275
2025-09-14 04:00:00,1161,20.1129112833764
2025-09-14 05:00:00,528,31.183238636363637
2025-09-14 06:00:00,704,27.788522727272724
2025-09-14 07:00:00,1271,24.734445318646735
2025-09-14 08:00:00,2197,21.12543013199818
2025-09-14 09:00:00,3260,19.118849693251533
2025-09-14 10:00:00,4185,18.395187574671446
2025-09-14 11:00:00,4893,18.751242591457185
2025-09-14 12:00:00,5522,19.931624411445128
2025-09-14 13:00:00,5783,21.04263185197994
2025-09-14 14:00:00,6004,22.12619920053298
2025-09-14 15:00:00,5695,22.621785776997367
2025-09-14 16:00:00,6069,22.672484758609325
2025-09-14 17:00:00,6083,22.62918954463258
2025-09-14 18:00:00,5927,21.315540745739835
2025-09-14 19:00:00,5022,22.578361210673037
2025-09-14 20:00:00,4611,22.27674474083713
2025-09-14 21:00:00,4058,22.369608181370133
2025-09-14 22:00:00,3212,23.657957658779576
2025-09-14 23:00:00,2099,26.91320152453549
2025-09-15 00:00:00,1383,30.48281995661605
2025-09-15 01:00:00,570,24.157508771929827
2025-09-15 02:00:00,231,18.506666666666668
2025-09-15 03:00:00,213,24.156384976525825
2025-09-15 04:00:00,274,31.464160583941606
2025-09-15 05:00:00,665,29.651218045112785
2025-09-15 06:00:00,1593,24.500596359070933
2025-09-15 07:00:00,3264,20.420484068627452
2025-09-15 08:00:00,4360,19.552756880733945
2025-09-15 09:00:00,4720,19.962862288135593
2025-09-15 10:00:00,4849,20.634831924108063
2025-09-15 11:00:00,5024,20.65545581210191
2025-09-15 12:00:00,5412,21.037729120473024
2025-09-15 13:00:00,5612,21.39477191732003
2025-09-15 14:00:00,6131,22.255723373022345
2025-09-15 15:00:00,6559,22.052050617472176
2025-09-15 16:00:00,6581,21.858071721622853
2025-09-15 17:00:00,7352,21.004914309031555
2025-09-15 18:00:00,7253,18.450128222804356
2025-09-15 19:00:00,6552,19.107898351648352
2025-09-15 20:00:00,6025,19.87012614107884
2025-09-15 21:00:00,5411,19.07679172056921
2025-09-15 22:00:00,4182,21.50063605930177
2025-09-15 23:00:00,2270,25.7925859030837
2025-09-16 00:00:00,1156,25.145640138408304
2025-09-16 01:00:00,592,24.92679054054054
2025-09-16 02:00:00,248,20.221411290322582
2025-09-16 03:00:00,153,21.624967320261437
2025-09-16 04:00:00,194,30.89020618556701
2025-09-16 05:00:00,544,26.45704044117647
2025-09-16 06:00:00,1620,21.42667283950617
2025-09-16 07:00:00,3646,19.492098189797037
2025-09-16 08:00:00,4857,18.55083590693844
2025-09-16 09:00:00,5307,19.077791596005277
2025-09-16 10:00:00,5368,19.47325260804769
2025-09-16 11:00:00,5479,20.702159153130133
2025-09-16 12:00:00,5867,21.023981591955003
2025-09-16 13:00:00,5987,20.991409721062304
2025-09-16 14:00:00,6791,21.61216315711972
2025-09-16 15:00:00,6891,21.37629806994631
2025-09-16 16:00:00,7080,21.61086299435028
2025-09-16 17:00:00,8155,20.302492949110974
2025-09-16 18:00:00,8443,18.38364207035414
2025-09-16 19:00:00,7540,17.749701591511936
2025-09-16 20:00:00,7230,17.96471784232365
2025-09-16 21:00:00,7452,18.535607890499197
2025-09-16 22:00:00,5618,19.570923816304735
2025-09-16 23:00:00,3126,20.473122200895716
2025-09-17 00:00:00,1465,22.840703071672355
2025-09-17 01:00:00,612,21.740702614379085
2025-09-17 02:00:00,297,17.69191919191919
2025-09-17 03:00:00,166,18.567530120481926
2025-09-17 04:00:00,229,27.866375545851525
2025-09-17 05:00:00,570,26.598578947368424
2025-09-17 06:00:00,1676,22.56147971360382
2025-09-17 07:00:00,3676,18.18626224156692
2025-09-17 08:00:00,4825,18.366530569948186
2025-09-17 09:00:00,5179,19.76490055995366
2025-09-17 10:00:00,5611,19.748866512208163
2025-09-17 11:00:00,6463,20.647887977719325
2025-09-17 12:00:00,6853,20.805365533343064
2025-09-17 13:00:00,6448,21.152582196029776
2025-09-17 14:00:00,6883,22.590111869824202
2025-09-17 15:00:00,7566,21.40889373513085
2025-09-17 16:00:00,6982,22.10085362360355
2025-09-17 17:00:00,8170,20.60914320685435
2025-09-17 18:00:00,8387,17.95453797543818
2025-09-17 19:00:00,7651,17.900942360475753
2025-09-17 20:00:00,7451,19.562595624748354
2025-09-17 21:00:00,7501,18.919434742034394
2025-09-17 22:00:00,6409,20.25901544702762
2025-09-17 23:00:00,3631,21.90596254475351
2025-09-18 00:00:00,1987,24.77357825868143
2025-09-18 01:00:00,869,20.876892980437283
2025-09-18 02:00:00,430,17.503953488372094
2025-09-18 03:00:00,214,19.002336448598133
2025-09-18 04:00:00,259,26.635521235521235
2025-09-18 05:00:00,646,25.912724458204334
2025-09-18 06:00:00,1668,21.823135491606713
2025-09-18 07:00:00,3591,19.035335561125034
2025-09-18 08:00:00,4791,18.698242538092256
2025-09-18 09:00:00,5280,20.351503787878787
2025-09-18 10:00:00,5370,20.440873370577282
2025-09-18 11:00:00,5707,21.36936919572455
2025-09-18 12:00:00,6106,21.5148575171962
2025-09-18 13:00:00,6492,22.614907578558228
2025-09-18 14:00:00,7196,23.04462896053363
2025-09-18 15:00:00,7403,22.888077806294746
2025-09-18 16:00:00,7539,23.2058336649423
2025-09-18 17:00:00,8688,21.831088858195212
2025-09-18 18:00:00,9060,19.678059602649007
2025-09-18 19:00:00,8391,19.19178405434394
2025-09-18 20:00:00,7998,19.534336084021003
2025-09-18 21:00:00,7841,19.043766101262595
2025-09-18 22:00:00,6655,19.701239669421486
2025-09-18 23:00:00,4795,20.144314911366006
2025-09-19 00:00:00,2891,20.91733656174334
2025-09-19 01:00:00,1542,18.857418936446173
2025-09-19 02:00:00,852,17.059859154929576
2025-09-19 03:00:00,530,18.709660377358492
2025-09-19 04:00:00,435,26.962988505747127
2025-09-19 05:00:00,691,30.056454413892908
2025-09-19 06:00:00,1486,25.154226110363393
2025-09-19 07:00:00,3130,20.39440575079872
2025-09-19 08:00:00,4077,20.117924944812362
2025-09-19 09:00:00,4540,19.94812334801762
2025-09-19 10:00:00,4991,20.74572230014025
2025-09-19 11:00:00,5191,21.152912733577345
2025-09-19 12:00:00,5593,21.42804755944931
2025-09-19 13:00:00,5739,21.5024185398153
2025-09-19 14:00:00,6459,23.019818857408268
2025-09-19 15:00:00,6823,21.87699838780595
2025-09-19 16:00:00,7074,22.630131467345205
2025-09-19 17:00:00,7800,20.059075641025643
2025-09-19 18:00:00,7943,17.986624700994586
2025-09-19 19:00:00,7165,19.000648988136774
2025-09-19 20:00:00,6051,19.87283920013221
2025-09-19 21:00:00,6297,19.35121327616325
2025-09-19 22:00:00,6737,19.613718272227995
2025-09-19 23:00:00,5959,19.170842423225373
2025-09-20 00:00:00,5040,17.523714285714288
2025-09-20 01:00:00,3943,15.626226223687548
2025-09-20 02:00:00,2749,14.731178610403784
2025-09-20 03:00:00,1714,15.577829638273046
2025-09-20 04:00:00,923,18.79308775731311
2025-09-20 05:00:00,448,28.73767857142857
2025-09-20 06:00:00,752,24.587686170212763
2025-09-20 07:00:00,1296,23.45
2025-09-20 08:00:00,2177,19.85761598530087
2025-09-20 09:00:00,3296,18.77391686893204
2025-09-20 10:00:00,4228,17.367554399243144
2025-09-20 11:00:00,5185,19.102065573770492
2025-09-20 12:00:00,5431,20.73833179893206
2025-09-20 13:00:00,5598,21.223978206502323
2025-09-20 14:00:00,5919,21.826920087852677
2025-09-20 15:00:00,6388,21.1663368816531
2025-09-20 16:00:00,6497,21.875188548560875
2025-09-20 17:00:00,6669,20.210043484780325
2025-09-20 18:00:00,7096,20.690729988726044
2025-09-20 19:00:00,6464,19.714939665841584
2025-09-20 20:00:00,5892,20.580668703326545
2025-09-20 21:00:00,5979,19.581980264258238
2025-09-20 22:00:00,6616,19.401253022974608
2025-09-20 23:00:00,6474,19.76944701884461
2025-09-21 00:00:00,4958,17.6218273497378
2025-09-21 01:00:00,3962,15.717337203432608
2025-09-21 02:00:00,2849,14.707444717444718
2025-09-21 03:00:00,1804,15.934135254988913
2025-09-21 04:00:00,986,19.30319472616633
2025-09-21 05:00:00,526,28.369182509505706
2025-09-21 06:00:00,737,27.257530529172318
2025-09-21 07:00:00,1268,25.89662460567823
2025-09-21 08:00:00,2038,23.470814524043178
2025-09-21 09:00:00,3132,19.278237547892722
2025-09-21 10:00:00,4140,18.852999999999998
2025-09-21 11:00:00,4615,20.050279523293607
2025-09-21 12:00:00,5211,20.99194012665515
2025-09-21 13:00:00,5506,22.737684344351617
2025-09-21 14:00:00,5564,25.26370057512581
2025-09-21 15:00:00,5605,25.04365031222123
2025-09-21 16:00:00,5875,25.073819574468086
2025-09-21 17:00:00,6030,24.207237147595357
2025-09-21 18:00:00,5772,22.995048510048512
2025-09-21 19:00:00,5221,23.01755219306646
2025-09-21 20:00:00,4590,22.61195424836601
2025-09-21 21:00:00,4350,22.998806896551724
2025-09-21 22:00:00,3993,23.62420235411971
2025-09-21 23:00:00,2695,26.485053803339518
2025-09-22 00:00:00,1771,26.795776397515528
2025-09-22 01:00:00,622,27.68236334405145
2025-09-22 02:00:00,286,18.436048951048953
2025-09-22 03:00:00,174,21.95
2025-09-22 04:00:00,267,32.81011235955056
2025-09-22 05:00:00,723,31.803333333333335
2025-09-22 06:00:00,1631,23.298209687308397
2025-09-22 07:00:00,3323,20.087887451098407
2025-09-22 08:00:00,4131,20.72968288549988
2025-09-22 09:00:00,4280,20.830128504672896
2025-09-22 10:00:00,4486,21.833544360231834
2025-09-22 11:00:00,4797,21.543823222847614
2025-09-22 12:00:00,4888,21.96302168576105
2025-09-22 13:00:00,5165,22.33795546950629
2025-09-22 14:00:00,5622,24.358386695126292
2025-09-22 15:00:00,5791,23.397663615955793
2025-09-22 16:00:00,5956,23.37709032907992
2025-09-22 17:00:00,6660,21.283965465465464
2025-09-22 18:00:00,6496,19.86852062807882
2025-09-22 19:00:00,5703,19.4032211116956
2025-09-22 20:00:00,5273,20.533064669068843
2025-09-22 21:00:00,5544,19.708948412698412
2025-09-22 22:00:00,4344,20.687161602209944
2025-09-22 23:00:00,2420,23.770082644628097
2025-09-23 00:00:00,1145,24.400689956331878
2025-09-23 01:00:00,457,24.96177242888403
2025-09-23 02:00:00,206,23.173203883495148
2025-09-23 03:00:00,114,20.12719298245614
2025-09-23 04:00:00,192,32.906979166666666
2025-09-23 05:00:00,575,27.356330434782606
2025-09-23 06:00:00,1363,20.73733675715334
2025-09-23 07:00:00,2781,19.4556993887091
2025-09-23 08:00:00,3855,19.64699092088197
2025-09-23 09:00:00,4340,20.05336866359447
2025-09-23 10:00:00,4545,19.617892189218924
2025-09-23 11:00:00,4783,20.295818523938948
2025-09-23 12:00:00,5064,20.31948657187994
2025-09-23 13:00:00,5672,20.356558533145275
2025-09-23 14:00:00,5858,21.82582451348583
2025-09-23 15:00:00,5688,21.584783755274263
2025-09-23 16:00:00,5655,23.217465959328027
2025-09-23 17:00:00,6057,21.18214132408783
2025-09-23 18:00:00,6141,19.727749552190197
2025-09-23 19:00:00,5555,19.949861386138615
2025-09-23 20:00:00,5426,20.469268337633615
2025-09-23 21:00:00,5814,19.508001375988993
2025-09-23 22:00:00,4815,19.31267497403946
2025-09-23 23:00:00,3121,22.39529317526434
2025-09-24 00:00:00,1497,20.888984635938545
2025-09-24 01:00:00,569,19.16920913884007
2025-09-24 02:00:00,279,16.720788530465953
2025-09-24 03:00:00,179,19.748100558659218
2025-09-24 04:00:00,276,29.285507246376813
2025-09-24 05:00:00,653,26.497029096477796
2025-09-24 06:00:00,1591,22.153356379635447
2025-09-24 07:00:00,3245,19.027771956856704
2025-09-24 08:00:00,3998,19.07601300650325
2025-09-24 09:00:00,4593,19.46329196603527
2025-09-24 10:00:00,5010,19.491504990019962
2025-09-24 11:00:00,5260,20.70642585551331
2025-09-24 12:00:00,5522,20.70939152480985
2025-09-24 13:00:00,5768,21.7383339112344
2025-09-24 14:00:00,6160,22.506569805194804
2025-09-24 15:00:00,6352,22.543899559193957
2025-09-24 16:00:00,6237,22.64326759660093
2025-09-24 17:00:00,6937,20.706311085483637
2025-09-24 18:00:00,7654,19.292427488894695
2025-09-24 19:00:00,7027,18.543569090650347
2025-09-24 20:00:00,7134,20.044571068124476
2025-09-24 21:00:00,7436,19.368842119419043
2025-09-24 22:00:00,5826,19.65
2025-09-24 23:00:00,3607,21.92414194621569
2025-09-25 00:00:00,1865,21.144
2025-09-25 01:00:00,960,24.249624999999998
2025-09-25 02:00:00,459,17.01764705882353
2025-09-25 03:00:00,262,20.397480916030535
2025-09-25 04:00:00,290,28.917241379310344
2025-09-25 05:00:00,733,27.587626193724418
2025-09-25 06:00:00,1732,22.839064665127022
2025-09-25 07:00:00,3349,20.448716034637204
2025-09-25 08:00:00,4201,20.13571292549393
2025-09-25 09:00:00,4915,21.44492980671414
2025-09-25 10:00:00,5202,22.092241445597846
2025-09-25 11:00:00,5775,21.830564502164503
2025-09-25 12:00:00,5995,22.301062552126773
2025-09-25 13:00:00,5847,23.862076278433385
2025-09-25 14:00:00,6311,24.265705910315322
2025-09-25 15:00:00,6861,23.424923480542194
2025-09-25 16:00:00,7173,23.666425484455598
2025-09-25 17:00:00,8270,21.17473760580411
2025-09-25 18:00:00,8274,19.89835025380711
2025-09-25 19:00:00,7349,19.418399782283306
2025-09-25 20:00:00,7290,20.183057613168724
2025-09-25 21:00:00,7135,19.82798037841626
2025-09-25 22:00:00,6676,19.849718394248054
2025-09-25 23:00:00,5011,21.974039113949313
2025-09-26 00:00:00,3237,24.633963546493668
2025-09-26 01:00:00,1749,22.046883933676387
2025-09-26 02:00:00,1010,17.664950495049503
2025-09-26 03:00:00,598,17.164381270903007
2025-09-26 04:00:00,587,28.709114139693355
2025-09-26 05:00:00,771,28.049896238651105
2025-09-26 06:00:00,1512,25.733412698412696
2025-09-26 07:00:00,3135,21.427722488038278
2025-09-26 08:00:00,4010,20.142957605985035
2025-09-26 09:00:00,4358,20.34723267553924
2025-09-26 10:00:00,4656,21.90176761168385
2025-09-26 11:00:00,5007,22.252216896345118
2025-09-26 12:00:00,5348,22.017909498878087
2025-09-26 13:00:00,5399,22.041722541211335
2025-09-26 14:00:00,6386,24.02004854368932
2025-09-26 15:00:00,6673,22.620894650082423
2025-09-26 16:00:00,6721,23.07133759857164
2025-09-26 17:00:00,7498,20.407176580421446
2025-09-26 18:00:00,8098,18.905107433934305
2025-09-26 19:00:00,7222,19.129904458598727
2025-09-26 20:00:00,6509,19.44874327853741
2025-09-26 21:00:00,6621,19.43624225947742
2025-09-26 22:00:00,6852,19.745650904845302
2025-09-26 23:00:00,6463,18.888387745628965
2025-09-27 00:00:00,5246,17.167609607319864
2025-09-27 01:00:00,3929,16.03663018579791
2025-09-27 02:00:00,2753,15.15735561205957
2025-09-27 03:00:00,1766,15.22246885617214
2025-09-27 04:00:00,938,18.222814498933904
2025-09-27 05:00:00,575,25.07408695652174
2025-09-27 06:00:00,799,25.594993742177724
2025-09-27 07:00:00,1300,23.340646153846155
2025-09-27 08:00:00,2205,20.25316553287982
2025-09-27 09:00:00,3306,18.277743496672716
2025-09-27 10:00:00,4313,16.951071180153026
2025-09-27 11:00:00,4856,17.61617586490939
2025-09-27 12:00:00,5595,18.430164432529043
2025-09-27 13:00:00,6023,19.070629254524324
2025-09-27 14:00:00,5891,20.21999151247666
2025-09-27 15:00:00,6078,20.21609740046068
2025-09-27 16:00:00,6790,21.172270986745215
2025-09-27 17:00:00,6822,19.55308413954852
2025-09-27 18:00:00,7167,19.901991070182785
2025-09-27 19:00:00,6876,19.752742873763815
2025-09-27 20:00:00,6139,19.556139436390293
2025-09-27 21:00:00,7053,18.50027931376719
2025-09-27 22:00:00,6526,19.04687404229237
2025-09-27 23:00:00,6830,18.87103806734993
2025-09-28 00:00:00,5136,17.031947040498444
2025-09-28 01:00:00,4035,15.391695167286246
2025-09-28 02:00:00,3196,15.01049749687109
2025-09-28 03:00:00,2059,16.22141816415736
2025-09-28 04:00:00,1096,20.047965328467154
2025-09-28 05:00:00,560,29.11344642857143
2025-09-28 06:00:00,821,26.997186358099878
2025-09-28 07:00:00,1268,25.684976340694007
2025-09-28 08:00:00,2065,22.866092009685232
2025-09-28 09:00:00,3057,19.20816159633628
2025-09-28 10:00:00,3990,19.187714285714286
2025-09-28 11:00:00,4621,19.282650941354685
2025-09-28 12:00:00,5226,19.61245311902028
2025-09-28 13:00:00,5430,19.657250460405155
2025-09-28 14:00:00,5924,21.792462862930453
2025-09-28 15:00:00,5478,22.73566812705367
2025-09-28 16:00:00,5826,22.929325437693098
2025-09-28 17:00:00,5868,22.447314246762097
2025-09-28 18:00:00,5543,20.22985206566841
2025-09-28 19:00:00,5014,20.844309932189866
2025-09-28 20:00:00,4536,22.23957231040564
2025-09-28 21:00:00,4327,24.254354055927895
2025-09-28 22:00:00,3174,24.567583490863264
2025-09-28 23:00:00,2249,28.67159626500667
2025-09-29 00:00:00,1260,28.11722222222222
2025-09-29 01:00:00,542,25.1930073800738
2025-09-29 02:00:00,288,24.291666666666668
2025-09-29 03:00:00,193,25.65284974093264
2025-09-29 04:00:00,319,34.06112852664577
2025-09-29 05:00:00,736,30.74938858695652
2025-09-29 06:00:00,1654,25.040205562273275
2025-09-29 07:00:00,3371,20.5995401957876
2025-09-29 08:00:00,4240,20.343823113207545
2025-09-29 09:00:00,4450,22.213741573033708
2025-09-29 10:00:00,4580,22.666126637554584
2025-09-29 11:00:00,4716,23.069824003392704
2025-09-29 12:00:00,4938,23.751954232482785
2025-09-29 13:00:00,5540,22.457528880866427
2025-09-29 14:00:00,6062,23.46451996040911
2025-09-29 15:00:00,6378,22.494031044214488
2025-09-29 16:00:00,6336,22.373929924242425
2025-09-29 17:00:00,7182,19.744160401002507
2025-09-29 18:00:00,7440,18.025809139784943
2025-09-29 19:00:00,6555,18.590814645308924
2025-09-29 20:00:00,5792,19.69831491712707
2025-09-29 21:00:00,5161,18.869141639217204
2025-09-29 22:00:00,4327,20.840367460134043
2025-09-29 23:00:00,2360,25.28403813559322
2025-09-30 00:00:00,1270,30.27056692913386
2025-09-30 01:00:00,403,21.335409429280396
2025-09-30 02:00:00,238,16.749915966386556
2025-09-30 03:00:00,124,21.179032258064513
2025-09-30 04:00:00,206,32.042718446601945
2025-09-30 05:00:00,663,31.409864253393668
2025-09-30 06:00:00,1640,23.594048780487803
2025-09-30 07:00:00,3619,18.956880353688863
2025-09-30 08:00:00,4617,18.581992635910765
2025-09-30 09:00:00,5054,18.718630787495055
2025-09-30 10:00:00,5364,19.695147278150635
2025-09-30 11:00:00,5476,21.112620525931337
2025-09-30 12:00:00,5763,21.142382439701546
2025-09-30 13:00:00,5884,20.549503738953092
2025-09-30 14:00:00,6590,20.87662215477997
2025-09-30 15:00:00,6774,21.210981694715088
2025-09-30 16:00:00,6810,20.962287812041115
2025-09-30 17:00:00,8224,19.050885214007785
2025-09-30 18:00:00,8460,17.31028368794326
2025-09-30 19:00:00,7578,17.83155054103985
2025-09-30 20:00:00,6986,17.81468794732322
2025-09-30 21:00:00,6995,18.372157255182273
2025-09-30 22:00:00,5325,18.681030985915495
2025-09-30 23:00:00,3058,21.623695225637668
2025-10-01 00:00:00,1406,21.117460881934566
2025-10-01 01:00:00,606,19.274983498349833
2025-10-01 02:00:00,315,17.702222222222222
2025-10-01 03:00:00,195,20.68717948717949
2025-10-01 04:00:00,275,29.16581818181818
2025-10-01 05:00:00,643,28.498289269051323
2025-10-01 06:00:00,1698,23.11514723203769
2025-10-01 07:00:00,3681,18.619421352893234
2025-10-01 08:00:00,4693,18.024346899637756
2025-10-01 09:00:00,5108,19.08429522317933
2025-10-01 10:00:00,5369,19.194742037623396
2025-10-01 11:00:00,5461,20.238919611792713
2025-10-01 12:00:00,5734,20.561553889082663
2025-10-01 13:00:00,5949,20.37054462934947
2025-10-01 14:00:00,6461,22.183185265438787
2025-10-01 15:00:00,6629,21.965714285714284
2025-10-01 16:00:00,6932,21.232609636468553
2025-10-01 17:00:00,7733,18.992463468252943
2025-10-01 18:00:00,7900,17.103449367088608
2025-10-01 19:00:00,6930,18.094320346320345
2025-10-01 20:00:00,6310,18.791521394611728
2025-10-01 21:00:00,6469,18.1563425568094
2025-10-01 22:00:00,5319,18.565937206241774
2025-10-01 23:00:00,3293,21.084129972669295
2025-10-02 00:00:00,1596,22.12717418546366
2025-10-02 01:00:00,739,19.836265223274694
2025-10-02 02:00:00,361,14.770360110803326
2025-10-02 03:00:00,250,19.043599999999998
2025-10-02 04:00:00,252,30.62702380952381
2025-10-02 05:00:00,583,29.136363636363637
2025-10-02 06:00:00,1244,22.391953376205787
2025-10-02 07:00:00,2507,19.049517351416036
2025-10-02 08:00:00,3753,17.60691446842526
2025-10-02 09:00:00,4640,17.277573275862068
2025-10-02 10:00:00,4900,18.26932244897959
2025-10-02 11:00:00,5226,18.641058170685035
2025-10-02 12:00:00,5576,19.447557388809184
2025-10-02 13:00:00,5656,19.097761669024045
2025-10-02 14:00:00,6243,21.14435527791126
2025-10-02 15:00:00,6073,20.468501564301004
2025-10-02 16:00:00,6334,19.71901799810546
2025-10-02 17:00:00,7311,18.40482423745042
2025-10-02 18:00:00,7777,17.01273627362736
2025-10-02 19:00:00,7606,17.56175913752301
2025-10-02 20:00:00,6923,18.59492272136357
2025-10-02 21:00:00,6744,18.009220047449585
2025-10-02 22:00:00,5646,18.77603967410556
2025-10-02 23:00:00,4061,19.3000911105639
2025-10-03 00:00:00,2099,20.004726060028585
2025-10-03 01:00:00,1205,18.068796680497925
2025-10-03 02:00:00,670,14.647313432835823
2025-10-03 03:00:00,426,17.421361502347416
2025-10-03 04:00:00,392,25.41380102040816
2025-10-03 05:00:00,688,31.35443313953488
2025-10-03 06:00:00,1478,25.080487144790258
2025-10-03 07:00:00,3138,20.27902485659656
2025-10-03 08:00:00,4005,18.434359550561798
2025-10-03 09:00:00,4519,19.870593051560082
2025-10-03 10:00:00,4979,20.275085358505724
2025-10-03 11:00:00,5067,20.06644760213144
2025-10-03 12:00:00,5660,20.997710247349822
2025-10-03 13:00:00,5621,20.229138943248532
2025-10-03 14:00:00,6480,22.60169135802469
2025-10-03 15:00:00,6579,21.84923544611643
2025-10-03 16:00:00,6599,22.391260797090467
2025-10-03 17:00:00,7454,20.085222699221895
2025-10-03 18:00:00,8029,18.777567567567566
2025-10-03 19:00:00,6960,17.909130747126436
2025-10-03 20:00:00,5866,19.428448687350834
2025-10-03 21:00:00,6286,18.07589245943366
2025-10-03 22:00:00,6329,18.878347290251224
2025-10-03 23:00:00,5444,17.645885378398237
2025-10-04 00:00:00,4471,16.41051666293894
2025-10-04 01:00:00,3595,15.937991655076496
2025-10-04 02:00:00,2567,14.798040514218933
2025-10-04 03:00:00,1634,15.019883720930233
2025-10-04 04:00:00,843,19.20836298932384
2025-10-04 05:00:00,433,27.85581986143187
2025-10-04 06:00:00,701,22.23522111269615
2025-10-04 07:00:00,1278,23.544342723004693
2025-10-04 08:00:00,2269,20.676390480387838
2025-10-04 09:00:00,3239,17.982701451065143
2025-10-04 10:00:00,4195,17.885351609058404
2025-10-04 11:00:00,4877,18.523694894402297
2025-10-04 12:00:00,5319,20.22422259823275
2025-10-04 13:00:00,5741,20.805676711374325
2025-10-04 14:00:00,5757,21.252680215389958
2025-10-04 15:00:00,6227,20.92033081740806
2025-10-04 16:00:00,6524,20.36056560392397
2025-10-04 17:00:00,6854,19.74810037934053
2025-10-04 18:00:00,7086,19.310519333897826
2025-10-04 19:00:00,6619,18.90873545852848
2025-10-04 20:00:00,5616,19.110103276353275
2025-10-04 21:00:00,5980,18.558446488294315
2025-10-04 22:00:00,6257,18.31101965798306
2025-10-04 23:00:00,6064,18.251931068601586
2025-10-05 00:00:00,4758,16.894970575872215
2025-10-05 01:00:00,3999,15.423035758939735
2025-10-05 02:00:00,2812,15.887268847795164
2025-10-05 03:00:00,1823,17.020800877674162
2025-10-05 04:00:00,915,19.1043825136612
2025-10-05 05:00:00,500,29.61568
2025-10-05 06:00:00,685,27.880335766423357
2025-10-05 07:00:00,1213,25.244666117065126
2025-10-05 08:00:00,1967,23.944809354346724
2025-10-05 09:00:00,3176,20.420031486146094
2025-10-05 10:00:00,4190,18.678281622911694
2025-10-05 11:00:00,4818,19.785257368202572
2025-10-05 12:00:00,5083,21.45962423765493
2025-10-05 13:00:00,5501,24.059832757680425
2025-10-05 14:00:00,5734,26.215486571328917
2025-10-05 15:00:00,5299,26.716712587280615
2025-10-05 16:00:00,5553,25.905179182423915
2025-10-05 17:00:00,5446,24.842025339698864
2025-10-05 18:00:00,5406,23.079670736219015
2025-10-05 19:00:00,5037,22.699769704189002
2025-10-05 20:00:00,4531,22.62066872655043
2025-10-05 21:00:00,4089,23.35556126192223
2025-10-05 22:00:00,3295,25.662230652503794
2025-10-05 23:00:00,2216,29.94538357400722
2025-10-06 00:00:00,1191,31.33469353484467
2025-10-06 01:00:00,485,27.23513402061856
2025-10-06 02:00:00,208,19.78466346153846
2025-10-06 03:00:00,170,24.271176470588237
2025-10-06 04:00:00,248,33.2954435483871
2025-10-06 05:00:00,672,30.835267857142856
2025-10-06 06:00:00,1572,23.821952926208652
2025-10-06 07:00:00,3333,19.596858685868586
2025-10-06 08:00:00,4289,20.035033807414315
2025-10-06 09:00:00,4699,20.13443498616727
2025-10-06 10:00:00,4994,20.1655086103324
2025-10-06 11:00:00,5212,21.30867613200307
2025-10-06 12:00:00,5506,20.338229204504177
2025-10-06 13:00:00,5626,20.373535371489513
2025-10-06 14:00:00,6245,22.58838911128903
2025-10-06 15:00:00,6439,22.382051560801365
2025-10-06 16:00:00,6268,23.267935545628593
2025-10-06 17:00:00,6666,20.19661566156616
2025-10-06 18:00:00,7314,19.2330489472245
2025-10-06 19:00:00,5993,18.5055181044552
2025-10-06 20:00:00,5414,18.510600295530107
2025-10-06 21:00:00,5245,18.58862726406101
2025-10-06 22:00:00,3579,21.0537384744342
2025-10-06 23:00:00,2267,21.237913542126158
2025-10-07 00:00:00,1141,23.974618755477653
2025-10-07 01:00:00,450,21.508288888888888
2025-10-07 02:00:00,217,19.533640552995394
2025-10-07 03:00:00,158,21.154303797468355
2025-10-07 04:00:00,208,29.291971153846152
2025-10-07 05:00:00,661,27.29352496217852
2025-10-07 06:00:00,1471,21.104568320870158
2025-10-07 07:00:00,3507,19.031993156544054
2025-10-07 08:00:00,4779,18.276179116970077
2025-10-07 09:00:00,5206,19.24979062620054
2025-10-07 10:00:00,5223,19.755544706107603
2025-10-07 11:00:00,5457,20.669715961150814
2025-10-07 12:00:00,5779,20.030892888042914
2025-10-07 13:00:00,6130,19.90759216965742
2025-10-07 14:00:00,6603,20.873468120551266
2025-10-07 15:00:00,6674,20.383203476176206
2025-10-07 16:00:00,6947,20.243493594357275
2025-10-07 17:00:00,8061,18.510440392010917
2025-10-07 18:00:00,8413,17.17767621538096
2025-10-07 19:00:00,7062,17.69045737751345
2025-10-07 20:00:00,6617,18.16033398821218
2025-10-07 21:00:00,6679,17.37647252582722
2025-10-07 22:00:00,5056,18.705492484177217
2025-10-07 23:00:00,3274,20.59105070250458
2025-10-08 00:00:00,1875,19.79733866666667
2025-10-08 01:00:00,636,17.5536320754717
2025-10-08 02:00:00,307,16.714657980456025
2025-10-08 03:00:00,181,18.628729281767956
2025-10-08 04:00:00,254,29.012007874015747
2025-10-08 05:00:00,645,26.159147286821707
2025-10-08 06:00:00,1670,21.93931137724551
2025-10-08 07:00:00,4081,17.424082332761575
2025-10-08 08:00:00,4824,18.57997097844113
2025-10-08 09:00:00,5317,19.33983825465488
2025-10-08 10:00:00,5729,20.54294117647059
2025-10-08 11:00:00,5828,20.888520933424847
2025-10-08 12:00:00,5993,20.930467211747036
2025-10-08 13:00:00,6109,21.46043869700442
2025-10-08 14:00:00,6525,22.05087816091954
2025-10-08 15:00:00,6818,21.694109709592254
2025-10-08 16:00:00,7122,21.358178882336425
2025-10-08 17:00:00,8454,19.87371066950556
2025-10-08 18:00:00,8744,18.07270814272644
2025-10-08 19:00:00,7830,17.80942528735632
2025-10-08 20:00:00,7595,18.66399078341014
2025-10-08 21:00:00,7126,18.528502666292447
2025-10-08 22:00:00,6556,20.24012507626602
2025-10-08 23:00:00,3932,20.606108850457783
2025-10-09 00:00:00,2044,21.29614481409002
2025-10-09 01:00:00,890,17.316516853932583
2025-10-09 02:00:00,455,15.111032967032967
2025-10-09 03:00:00,266,21.123684210526314
2025-10-09 04:00:00,304,29.385690789473685
2025-10-09 05:00:00,656,30.381463414634148
2025-10-09 06:00:00,1648,23.07680218446602
2025-10-09 07:00:00,3728,18.921062231759656
2025-10-09 08:00:00,5056,18.22120450949367
2025-10-09 09:00:00,5735,18.92558151700087
2025-10-09 10:00:00,5818,19.880156411137847
2025-10-09 11:00:00,6296,22.037687420584497
2025-10-09 12:00:00,6333,21.746639823148588
2025-10-09 13:00:00,6485,21.660777178103316
2025-10-09 14:00:00,7138,22.784003922667413
2025-10-09 15:00:00,7590,24.34080368906456
2025-10-09 16:00:00,7417,23.329758662532022
2025-10-09 17:00:00,8866,22.247168960072184
2025-10-09 18:00:00,8852,19.86327044735653
2025-10-09 19:00:00,8139,20.193457427202357
2025-10-09 20:00:00,7899,20.391484998101024
2025-10-09 21:00:00,7973,19.768493666123167
2025-10-09 22:00:00,7027,20.25505194250747
2025-10-09 23:00:00,5565,21.197820305480683
2025-10-10 00:00:00,3612,22.85340531561462
2025-10-10 01:00:00,1651,17.374373107207752
2025-10-10 02:00:00,887,15.702750845546786
2025-10-10 03:00:00,555,17.038036036036036
2025-10-10 04:00:00,415,25.68168674698795
2025-10-10 05:00:00,731,31.672763337893297
2025-10-10 06:00:00,1611,26.380689013035383
2025-10-10 07:00:00,3234,21.69351576994434
2025-10-10 08:00:00,4314,20.401833565136762
2025-10-10 09:00:00,4908,20.613194784026078
2025-10-10 10:00:00,5274,21.503602578687904
2025-10-10 11:00:00,5581,21.605946962909872
2025-10-10 12:00:00,5815,21.276046431642307
2025-10-10 13:00:00,5939,21.656440478194984
2025-10-10 14:00:00,6910,22.67527496382055
2025-10-10 15:00:00,7176,23.449091415830544
2025-10-10 16:00:00,6940,23.325926512968298
2025-10-10 17:00:00,7770,21.242440154440157
2025-10-10 18:00:00,8071,19.59448147689258
2025-10-10 19:00:00,7090,19.17068970380818
2025-10-10 20:00:00,6211,19.718425374335855
2025-10-10 21:00:00,6390,19.439871674491393
2025-10-10 22:00:00,6862,19.97584814922763
2025-10-10 23:00:00,5900,18.340033898305084
2025-10-11 00:00:00,4867,18.34451818368605
2025-10-11 01:00:00,3705,14.963079622132254
2025-10-11 02:00:00,2642,14.98714988644966
2025-10-11 03:00:00,1607,16.08588052271313
2025-10-11 04:00:00,901,18.969711431742507
2025-10-11 05:00:00,473,29.33646934460888
2025-10-11 06:00:00,767,30.00823989569752
2025-10-11 07:00:00,1328,24.050150602409637
2025-10-11 08:00:00,2362,20.98570279424217
2025-10-11 09:00:00,3851,19.06640612827837
2025-10-11 10:00:00,5196,18.11823325635104
2025-10-11 11:00:00,5603,19.277115830804924
2025-10-11 12:00:00,6093,19.54822090924011
2025-10-11 13:00:00,6694,19.847034657902597
2025-10-11 14:00:00,6260,20.577180511182107
2025-10-11 15:00:00,6068,20.945496044825315
2025-10-11 16:00:00,6755,21.744344929681716
2025-10-11 17:00:00,7000,20.807681428571428
2025-10-11 18:00:00,6878,19.704156731608027
2025-10-11 19:00:00,6439,19.115872029818295
2025-10-11 20:00:00,5562,19.490580726357425
2025-10-11 21:00:00,5700,17.924487719298245
2025-10-11 22:00:00,6772,18.972987300649734
2025-10-11 23:00:00,5983,18.25480528163129
2025-10-12 00:00:00,5112,16.380436228482
2025-10-12 01:00:00,4001,15.128842789302674
2025-10-12 02:00:00,2846,15.140593815881939
2025-10-12 03:00:00,1922,16.7520395421436
2025-10-12 04:00:00,1096,20.77316605839416
2025-10-12 05:00:00,542,34.12538745387454
2025-10-12 06:00:00,734,31.111198910081743
2025-10-12 07:00:00,1178,27.429057724957556
2025-10-12 08:00:00,1893,24.03118330692023
2025-10-12 09:00:00,3096,21.655875322997414
2025-10-12 10:00:00,4097,19.052140590676103
2025-10-12 11:00:00,4801,20.694388669027283
2025-10-12 12:00:00,5156,21.495564391000777
2025-10-12 13:00:00,5662,21.29755740021194
2025-10-12 14:00:00,5703,23.962449587936174
2025-10-12 15:00:00,5759,23.706061816287548
2025-10-12 16:00:00,6025,21.70670041493776
2025-10-12 17:00:00,5825,22.03664034334764
2025-10-12 18:00:00,5453,20.170174216027874
2025-10-12 19:00:00,4982,20.473924126856684
2025-10-12 20:00:00,3959,19.60866885577166
2025-10-12 21:00:00,3897,20.964046702591737
2025-10-12 22:00:00,3044,22.59643561103811
2025-10-12 23:00:00,2164,28.914001848428835
2025-10-13 00:00:00,1759,32.850051165434905
2025-10-13 01:00:00,831,34.935740072202165
2025-10-13 02:00:00,443,29.16013544018059
2025-10-13 03:00:00,263,32.15494296577947
2025-10-13 04:00:00,345,33.2768115942029
2025-10-13 05:00:00,563,32.76692717584369
2025-10-13 06:00:00,1060,24.525971698113207
2025-10-13 07:00:00,2112,21.269857954545454
2025-10-13 08:00:00,3158,19.58946801773274
2025-10-13 09:00:00,4010,17.632039900249374
2025-10-13 10:00:00,4320,18.544652777777777
2025-10-13 11:00:00,5004,19.1614448441247
2025-10-13 12:00:00,5379,18.606272541364564
2025-10-13 13:00:00,5463,18.711848801025077
2025-10-13 14:00:00,5409,20.091482713995195
2025-10-13 15:00:00,5597,21.005681615150973
2025-10-13 16:00:00,6098,20.593138734011152
2025-10-13 17:00:00,6462,19.189501702259363
2025-10-13 18:00:00,5844,18.219969199178646
2025-10-13 19:00:00,5194,19.706530612244897
2025-10-13 20:00:00,4466,20.082398119122256
2025-10-13 21:00:00,4178,20.40461464815701
2025-10-13 22:00:00,3282,23.256517367458866
2025-10-13 23:00:00,2060,27.64221359223301
2025-10-14 00:00:00,1464,33.68506147540984
2025-10-14 01:00:00,786,37.384923664122134
2025-10-14 02:00:00,355,30.429859154929577
2025-10-14 03:00:00,152,26.907236842105263
2025-10-14 04:00:00,283,34.86272084805653
2025-10-14 05:00:00,638,30.58219435736677
2025-10-14 06:00:00,1513,23.95559153998678
2025-10-14 07:00:00,3556,18.30921822272216
2025-10-14 08:00:00,4918,18.830111834078895
2025-10-14 09:00:00,5372,19.64875837676843
2025-10-14 10:00:00,5442,21.142679162072767
2025-10-14 11:00:00,5584,22.216292979942693
2025-10-14 12:00:00,5831,21.569022466129308
2025-10-14 13:00:00,5942,21.944343655334904
2025-10-14 14:00:00,6463,22.108219093300328
2025-10-14 15:00:00,7007,21.796581989439133
2025-10-14 16:00:00,6756,21.250695677915928
2025-10-14 17:00:00,8115,20.283190388170055
2025-10-14 18:00:00,8731,18.853883862100563
2025-10-14 19:00:00,7276,18.725120945574492
2025-10-14 20:00:00,6797,18.49872737972635
2025-10-14 21:00:00,6815,19.192083639031548
2025-10-14 22:00:00,5478,20.588979554581964
2025-10-14 23:00:00,3262,23.034117106069893
2025-10-15 00:00:00,1748,27.422271167048052
2025-10-15 01:00:00,641,23.69408736349454
2025-10-15 02:00:00,265,18.86588679245283
2025-10-15 03:00:00,195,23.793846153846154
2025-10-15 04:00:00,259,32.351930501930504
2025-10-15 05:00:00,641,29.426255850234007
2025-10-15 06:00:00,1576,23.489587563451774
2025-10-15 07:00:00,3646,18.21095447065277
2025-10-15 08:00:00,4893,18.439476803596975
2025-10-15 09:00:00,5235,19.895658070678127
2025-10-15 10:00:00,5576,20.166692969870873
2025-10-15 11:00:00,5734,20.695432507847926
2025-10-15 12:00:00,6101,21.17716603835437
2025-10-15 13:00:00,6733,20.900819842566463
2025-10-15 14:00:00,6787,22.229222042139387
2025-10-15 15:00:00,7275,22.22155738831615
2025-10-15 16:00:00,7431,21.894486610146682
2025-10-15 17:00:00,8495,20.37303119482048
2025-10-15 18:00:00,8860,18.697852144469525
2025-10-15 19:00:00,7993,19.10389215563618
2025-10-15 20:00:00,7525,18.741355481727577
2025-10-15 21:00:00,7614,18.82934068820594
2025-10-15 22:00:00,6408,19.686410736579276
2025-10-15 23:00:00,3883,20.03642544424414
2025-10-16 00:00:00,1851,21.96013506212858
2025-10-16 01:00:00,793,19.051677175283732
2025-10-16 02:00:00,386,17.059455958549222
2025-10-16 03:00:00,260,18.310076923076924
2025-10-16 04:00:00,265,29.193396226415093
2025-10-16 05:00:00,655,28.74236641221374
2025-10-16 06:00:00,1618,24.939184177997525
2025-10-16 07:00:00,3790,19.02040105540897
2025-10-16 08:00:00,5166,18.535011614401856
2025-10-16 09:00:00,5480,19.894131386861314
2025-10-16 10:00:00,5992,20.986430240320427
2025-10-16 11:00:00,6057,21.806184579824997
2025-10-16 12:00:00,6526,22.226699356420472
2025-10-16 13:00:00,6723,23.17467945857504
2025-10-16 14:00:00,7279,24.500186838851487
2025-10-16 15:00:00,7476,23.58507089352595
2025-10-16 16:00:00,7543,23.903029298687525
2025-10-16 17:00:00,8475,22.109673156342183
2025-10-16 18:00:00,9155,20.40072637902785
2025-10-16 19:00:00,8704,19.49138556985294
2025-10-16 20:00:00,7887,19.573363763154557
2025-10-16 21:00:00,8214,19.66126369612856
2025-10-16 22:00:00,7664,20.489788622129435
2025-10-16 23:00:00,5007,21.40284202117036
2025-10-17 00:00:00,3169,21.79378352792679
2025-10-17 01:00:00,1547,17.73831286360698
2025-10-17 02:00:00,826,16.675326876513317
2025-10-17 03:00:00,525,17.18144761904762
2025-10-17 04:00:00,435,26.06098850574713
2025-10-17 05:00:00,710,30.575422535211267
2025-10-17 06:00:00,1544,26.182772020725388
2025-10-17 07:00:00,3221,20.331561626823966
2025-10-17 08:00:00,4300,19.641090697674418
2025-10-17 09:00:00,4636,19.986415012942192
2025-10-17 10:00:00,5292,20.645396825396826
2025-10-17 11:00:00,5567,21.926725345787677
2025-10-17 12:00:00,5904,21.13941734417344
2025-10-17 13:00:00,5928,21.83473515519568
2025-10-17 14:00:00,6724,23.368728435455083
2025-10-17 15:00:00,7112,23.74445303712036
2025-10-17 16:00:00,7111,22.800392349880468
2025-10-17 17:00:00,7854,19.94770817417876
2025-10-17 18:00:00,8280,19.424024154589375
2025-10-17 19:00:00,7209,19.02652933832709
2025-10-17 20:00:00,6420,19.833066978193145
2025-10-17 21:00:00,6710,19.903964232488825
2025-10-17 22:00:00,7119,20.068609355246522
2025-10-17 23:00:00,5792,18.924319751381216
2025-10-18 00:00:00,4811,17.41740594471004
2025-10-18 01:00:00,3692,15.413217768147344
2025-10-18 02:00:00,2601,14.612625913110342
2025-10-18 03:00:00,1683,15.19171717171717
2025-10-18 04:00:00,886,20.35390519187359
2025-10-18 05:00:00,480,30.930625000000003
2025-10-18 06:00:00,802,27.323965087281795
2025-10-18 07:00:00,1359,24.60813097866078
2025-10-18 08:00:00,2300,21.220352173913042
2025-10-18 09:00:00,3554,18.587574563871694
2025-10-18 10:00:00,4573,17.914931117428385
2025-10-18 11:00:00,5026,20.40008157580581
2025-10-18 12:00:00,5471,20.837735331749222
2025-10-18 13:00:00,5531,21.563274272283493
2025-10-18 14:00:00,6163,21.53109524582184
2025-10-18 15:00:00,6391,20.770564856829917
2025-10-18 16:00:00,6864,21.098811188811187
2025-10-18 17:00:00,7074,19.65066864574498
2025-10-18 18:00:00,7225,19.436591003460208
2025-10-18 19:00:00,7009,18.73888429162505
2025-10-18 20:00:00,5664,18.92135063559322
2025-10-18 21:00:00,5899,18.33972198677742
2025-10-18 22:00:00,6742,19.35386235538416
2025-10-18 23:00:00,6171,19.567326203208555
2025-10-19 00:00:00,4802,17.545137442732194
2025-10-19 01:00:00,3815,15.255100917431193
2025-10-19 02:00:00,2851,14.808400561206595
2025-10-19 03:00:00,1790,16.06817318435754
2025-10-19 04:00:00,1132,19.602296819787984
2025-10-19 05:00:00,568,33.58035211267605
2025-10-19 06:00:00,714,30.255420168067225
2025-10-19 07:00:00,1319,26.980538286580746
2025-10-19 08:00:00,2113,23.6580028395646
2025-10-19 09:00:00,3295,20.034919575113808
2025-10-19 10:00:00,4258,19.617891028651947
2025-10-19 11:00:00,4964,19.923487107171635
2025-10-19 12:00:00,5570,20.653093357271093
2025-10-19 13:00:00,6094,21.592681325894322
2025-10-19 14:00:00,6183,22.419500242600677
2025-10-19 15:00:00,6319,23.756390251622094
2025-10-19 16:00:00,6545,23.696803666921312
2025-10-19 17:00:00,6448,23.723602667493797
2025-10-19 18:00:00,6196,22.659288250484185
2025-10-19 19:00:00,5271,22.722836273951813
2025-10-19 20:00:00,4504,21.88701376554174
2025-10-19 21:00:00,4413,22.928674371176072
2025-10-19 22:00:00,3203,25.910777396191072
2025-10-19 23:00:00,2528,29.510751582278477
2025-10-20 00:00:00,1484,32.879885444743934
2025-10-20 01:00:00,588,29.784081632653063
2025-10-20 02:00:00,273,21.274908424908425
2025-10-20 03:00:00,213,26.1337558685446
2025-10-20 04:00:00,392,33.597576530612244
2025-10-20 05:00:00,724,31.160248618784532
2025-10-20 06:00:00,1689,25.53251036116045
2025-10-20 07:00:00,3377,20.544388510512288
2025-10-20 08:00:00,4155,18.208570397111913
2025-10-20 09:00:00,4788,20.679663742690057
2025-10-20 10:00:00,5043,20.485887368629783
2025-10-20 11:00:00,5491,21.00423966490621
2025-10-20 12:00:00,5939,20.580846943929952
2025-10-20 13:00:00,6210,20.427399355877615
2025-10-20 14:00:00,6337,22.350942086160646
2025-10-20 15:00:00,6749,22.07758927248481
2025-10-20 16:00:00,6770,21.78792319054653
2025-10-20 17:00:00,7668,20.028167709963483
2025-10-20 18:00:00,7820,19.048501278772378
2025-10-20 19:00:00,6291,19.691241456048324
2025-10-20 20:00:00,5575,19.287300448430493
2025-10-20 21:00:00,5301,19.733295604602905
2025-10-20 22:00:00,4056,22.7147657790927
2025-10-20 23:00:00,2534,25.23959352801894
2025-10-21 00:00:00,1252,30.430830670926518
2025-10-21 01:00:00,512,26.19423828125
2025-10-21 02:00:00,190,18.182105263157894
2025-10-21 03:00:00,142,22.345774647887325
2025-10-21 04:00:00,229,34.120960698689956
2025-10-21 05:00:00,639,28.879733959311427
2025-10-21 06:00:00,1568,24.41861607142857
2025-10-21 07:00:00,3606,18.7215280088741
2025-10-21 08:00:00,4869,18.856785787636067
2025-10-21 09:00:00,5421,19.573966057922892
2025-10-21 10:00:00,5403,20.28082731815658
2025-10-21 11:00:00,5694,21.516838777660695
2025-10-21 12:00:00,5768,21.100402219140083
2025-10-21 13:00:00,5914,21.601056814338857
2025-10-21 14:00:00,6654,23.448202584911332
2025-10-21 15:00:00,6917,22.28429521468845
2025-10-21 16:00:00,7117,22.49204721090347
2025-10-21 17:00:00,7921,20.855374321424065
2025-10-21 18:00:00,8054,18.992724112242364
2025-10-21 19:00:00,7106,18.308481564874754
2025-10-21 20:00:00,6766,19.09871268105232
2025-10-21 21:00:00,6580,18.689495440729484
2025-10-21 22:00:00,5166,20.3364343786295
2025-10-21 23:00:00,3109,21.141852685751047
2025-10-22 00:00:00,1416,21.699865819209037
2025-10-22 01:00:00,495,15.382868686868688
2025-10-22 02:00:00,258,20.238682170542635
2025-10-22 03:00:00,165,21.496000000000002
2025-10-22 04:00:00,259,33.52579150579151
2025-10-22 05:00:00,656,28.827393292682927
2025-10-22 06:00:00,1653,24.825238959467637
2025-10-22 07:00:00,3790,18.590292875989448
2025-10-22 08:00:00,5120,18.17104296875
2025-10-22 09:00:00,5609,18.854544482082368
2025-10-22 10:00:00,5542,20.66693251533742
2025-10-22 11:00:00,5957,21.999086788652004
2025-10-22 12:00:00,6022,21.949971770176024
2025-10-22 13:00:00,6217,22.197675727843013
2025-10-22 14:00:00,6954,23.364669255104975
2025-10-22 15:00:00,7323,21.865986617506486
2025-10-22 16:00:00,7602,22.279552749276508
2025-10-22 17:00:00,8621,20.24898155666396
2025-10-22 18:00:00,8887,18.65619781703612
2025-10-22 19:00:00,7593,19.046903727117083
2025-10-22 20:00:00,7595,19.227510204081632
2025-10-22 21:00:00,7507,19.39723191687758
2025-10-22 22:00:00,6113,20.30292000654343
2025-10-22 23:00:00,3641,21.636396594342212
2025-10-23 00:00:00,1778,21.37327896512936
2025-10-23 01:00:00,787,19.232147395171538
2025-10-23 02:00:00,398,16.558291457286433
2025-10-23 03:00:00,255,20.064156862745097
2025-10-23 04:00:00,283,29.596784452296816
2025-10-23 05:00:00,652,29.257208588957056
2025-10-23 06:00:00,1688,23.875390995260666
2025-10-23 07:00:00,3665,18.92500136425648
2025-10-23 08:00:00,4928,19.234340503246752
2025-10-23 09:00:00,5479,19.8606479284541
2025-10-23 10:00:00,5872,20.744984673024522
2025-10-23 11:00:00,5946,21.732514295324588
2025-10-23 12:00:00,6477,21.40777829241933
2025-10-23 13:00:00,6704,21.804076670644392
2025-10-23 14:00:00,7158,24.101117630623076
2025-10-23 15:00:00,7603,23.217724582401683
2025-10-23 16:00:00,7848,23.097503822629967
2025-10-23 17:00:00,9517,20.524104234527687
2025-10-23 18:00:00,9464,19.417240067624682
2025-10-23 19:00:00,8298,19.391356953482767
2025-10-23 20:00:00,8012,19.925909885172242
2025-10-23 21:00:00,8060,19.639063275434243
2025-10-23 22:00:00,7239,20.67183036330985
2025-10-23 23:00:00,4714,22.34950997030123
2025-10-24 00:00:00,2718,19.716195732156
2025-10-24 01:00:00,1601,19.137976264834478
2025-10-24 02:00:00,842,15.536698337292162
2025-10-24 03:00:00,501,17.62634730538922
2025-10-24 04:00:00,439,27.398473804100227
2025-10-24 05:00:00,659,31.507587253414265
2025-10-24 06:00:00,1470,25.966319727891154
2025-10-24 07:00:00,3255,20.93820276497696
2025-10-24 08:00:00,4101,19.33086320409656
2025-10-24 09:00:00,4723,19.76230362058014
2025-10-24 10:00:00,5102,20.304286554292435
2025-10-24 11:00:00,5425,21.235869124423964
2025-10-24 12:00:00,5805,21.347362618432385
2025-10-24 13:00:00,5997,21.630977155244288
2025-10-24 14:00:00,6797,23.301527144328382
2025-10-24 15:00:00,7112,22.168510967379078
2025-10-24 16:00:00,7543,22.678927482434045
2025-10-24 17:00:00,8062,20.26891714214835
2025-10-24 18:00:00,8511,19.00640817765245
2025-10-24 19:00:00,7338,18.71722131370946
2025-10-24 20:00:00,6465,20.18365970610982
2025-10-24 21:00:00,6798,19.473911444542512
2025-10-24 22:00:00,6963,19.695846617837137
2025-10-24 23:00:00,5902,18.91805997966791
2025-10-25 00:00:00,4848,17.834880363036305
2025-10-25 01:00:00,3755,15.347786950732358
2025-10-25 02:00:00,2764,14.878017366136033
2025-10-25 03:00:00,1747,15.03451058958214
2025-10-25 04:00:00,873,19.47945017182131
2025-10-25 05:00:00,436,29.497866972477063
2025-10-25 06:00:00,771,25.280168612191957
2025-10-25 07:00:00,1246,23.21409309791332
2025-10-25 08:00:00,2210,19.873846153846152
2025-10-25 09:00:00,3638,16.988210555250138
2025-10-25 10:00:00,4458,17.478144908030508
2025-10-25 11:00:00,5120,18.139802734375
2025-10-25 12:00:00,5810,18.0579586919105
2025-10-25 13:00:00,6157,18.587773266201072
2025-10-25 14:00:00,6503,20.368434568660618
2025-10-25 15:00:00,6588,20.816722829386766
2025-10-25 16:00:00,7244,21.18443125345113
2025-10-25 17:00:00,6921,20.00555266579974
2025-10-25 18:00:00,6992,19.60998998855835
2025-10-25 19:00:00,6560,19.682172256097562
2025-10-25 20:00:00,5851,19.713184071098958
2025-10-25 21:00:00,6304,19.01376744923858
2025-10-25 22:00:00,6880,19.160719476744188
2025-10-25 23:00:00,6238,18.838207758897084
2025-10-26 00:00:00,5028,17.24485481304694
2025-10-26 01:00:00,4133,15.652385676264215
2025-10-26 02:00:00,3093,14.924093113482057
2025-10-26 03:00:00,2023,16.271695501730104
2025-10-26 04:00:00,1049,20.40061963775024
2025-10-26 05:00:00,535,31.810616822429907
2025-10-26 06:00:00,743,31.051103633916558
2025-10-26 07:00:00,1233,27.22125709651257
2025-10-26 08:00:00,2038,22.43656526005888
2025-10-26 09:00:00,3250,19.904166153846155
2025-10-26 10:00:00,4287,18.29602519244227
2025-10-26 11:00:00,4926,18.43472594397077
2025-10-26 12:00:00,5905,18.76843183742591
2025-10-26 13:00:00,5758,19.811696769711705
2025-10-26 14:00:00,6007,22.122259031130348
2025-10-26 15:00:00,5990,23.370477462437396
2025-10-26 16:00:00,6229,22.305397335045754
2025-10-26 17:00:00,6314,22.924417168197653
2025-10-26 18:00:00,5894,21.680481845945028
2025-10-26 19:00:00,5176,22.622627511591965
2025-10-26 20:00:00,4585,23.08471973827699
2025-10-26 21:00:00,4303,23.450567046246803
2025-10-26 22:00:00,3601,25.300361010830326
2025-10-26 23:00:00,2082,28.838390970220942
2025-10-27 00:00:00,1240,31.606370967741938
2025-10-27 01:00:00,464,24.695043103448278
2025-10-27 02:00:00,233,21.166137339055794
2025-10-27 03:00:00,149,25.883221476510066
2025-10-27 04:00:00,241,32.44195020746888
2025-10-27 05:00:00,619,29.14617124394184
2025-10-27 06:00:00,1638,25.846581196581194
2025-10-27 07:00:00,3455,20.555612156295226
2025-10-27 08:00:00,4577,19.92221542495084
2025-10-27 09:00:00,4973,20.575606273878947
2025-10-27 10:00:00,5168,20.914413699690403
2025-10-27 11:00:00,5277,19.78917377297707
2025-10-27 12:00:00,5199,20.556991729178687
2025-10-27 13:00:00,5640,21.353235815602837
2025-10-27 14:00:00,6102,22.51297607341855
2025-10-27 15:00:00,6672,22.959070743405277
2025-10-27 16:00:00,6725,22.133466171003718
2025-10-27 17:00:00,7513,21.035616930653532
2025-10-27 18:00:00,7521,18.75990426804946
2025-10-27 19:00:00,6352,19.3358217884131
2025-10-27 20:00:00,5860,18.807235494880544
2025-10-27 21:00:00,5376,19.235200892857144
2025-10-27 22:00:00,4041,23.15436525612472
2025-10-27 23:00:00,2153,24.570492336274963
2025-10-28 00:00:00,1151,27.262693310165073
2025-10-28 01:00:00,484,26.340723140495868
2025-10-28 02:00:00,204,18.61892156862745
2025-10-28 03:00:00,176,28.85625
2025-10-28 04:00:00,209,30.940669856459333
2025-10-28 05:00:00,610,27.380672131147538
2025-10-28 06:00:00,1596,24.809830827067668
2025-10-28 07:00:00,3644,19.265488474204172
2025-10-28 08:00:00,4981,18.613025496888174
2025-10-28 09:00:00,5396,19.8225
2025-10-28 10:00:00,5474,20.173401534526853
2025-10-28 11:00:00,5775,20.806798268398268
2025-10-28 12:00:00,6198,20.647231364956436
2025-10-28 13:00:00,6362,21.37346746306193
2025-10-28 14:00:00,6884,23.2068317838466
2025-10-28 15:00:00,6899,22.70780258008407
2025-10-28 16:00:00,6875,21.948891636363637
2025-10-28 17:00:00,8025,20.01565607476636
2025-10-28 18:00:00,8097,18.793122144003952
2025-10-28 19:00:00,7124,18.26843206064009
2025-10-28 20:00:00,6754,19.24766064554338
2025-10-28 21:00:00,7107,19.30770367243563
2025-10-28 22:00:00,5761,20.252904009720535
2025-10-28 23:00:00,2979,21.838909029875797
2025-10-29 00:00:00,1434,23.460216178521616
2025-10-29 01:00:00,579,22.889896373056995
2025-10-29 02:00:00,253,15.989683794466403
2025-10-29 03:00:00,175,21.55485714285714
2025-10-29 04:00:00,218,28.630091743119266
2025-10-29 05:00:00,573,26.77219895287958
2025-10-29 06:00:00,1625,23.02616615384615
2025-10-29 07:00:00,3803,18.888703655009206
2025-10-29 08:00:00,5158,18.01925552539744
2025-10-29 09:00:00,5413,18.974306299648994
2025-10-29 10:00:00,5589,19.918888888888887
2025-10-29 11:00:00,5834,20.916239286938634
2025-10-29 12:00:00,5982,20.815553326646608
2025-10-29 13:00:00,6137,21.7013834120906
2025-10-29 14:00:00,6580,22.470243161094228
2025-10-29 15:00:00,6813,22.406706296785558
2025-10-29 16:00:00,7342,22.79167529283574
2025-10-29 17:00:00,8537,20.745836945062667
2025-10-29 18:00:00,9005,19.3546973903387
2025-10-29 19:00:00,7726,18.73385581154543
2025-10-29 20:00:00,7369,19.44074772696431
2025-10-29 21:00:00,7677,19.632721115018885
2025-10-29 22:00:00,6513,21.013301090127438
2025-10-29 23:00:00,3715,21.508099596231492
2025-10-30 00:00:00,2227,23.91903008531657
2025-10-30 01:00:00,951,18.68222923238696
2025-10-30 02:00:00,409,19.53278728606357
2025-10-30 03:00:00,277,17.690252707581227
2025-10-30 04:00:00,289,25.498961937716263
2025-10-30 05:00:00,743,27.30584118438762
2025-10-30 06:00:00,1859,23.382339967724583
2025-10-30 07:00:00,3676,20.351719260065288
2025-10-30 08:00:00,4951,18.167269238537667
2025-10-30 09:00:00,5469,18.99072042420918
2025-10-30 10:00:00,5385,19.99773816155989
2025-10-30 11:00:00,6004,20.5147618254497
2025-10-30 12:00:00,6246,20.941905219340377
2025-10-30 13:00:00,6507,20.867501152604884
2025-10-30 14:00:00,7007,23.08938775510204
2025-10-30 15:00:00,6344,24.43063366960908
2025-10-30 16:00:00,5654,23.44415634948709
2025-10-30 17:00:00,6334,21.3985348910641
2025-10-30 18:00:00,6975,20.071985663082437
2025-10-30 19:00:00,6820,18.389828445747803
2025-10-30 20:00:00,6427,20.66294849852186
2025-10-30 21:00:00,6445,21.763892940263773
2025-10-30 22:00:00,6107,21.681647289995087
2025-10-30 23:00:00,4484,23.692372881355933
2025-10-31 00:00:00,3077,24.260142996425092
2025-10-31 01:00:00,2197,25.64481110605371
2025-10-31 02:00:00,1649,26.89061249241965
2025-10-31 03:00:00,970,26.75701030927835
2025-10-31 04:00:00,600,27.33778333333333
2025-10-31 05:00:00,751,30.98784287616511
2025-10-31 06:00:00,1498,26.443397863818426
2025-10-31 07:00:00,3074,20.54339947950553
2025-10-31 08:00:00,4246,19.78726801695714
2025-10-31 09:00:00,4662,20.7963299013299
2025-10-31 10:00:00,5013,20.02762018751247
2025-10-31 11:00:00,5356,20.099359596713967
2025-10-31 12:00:00,5942,20.672064961292495
2025-10-31 13:00:00,5855,20.50451409052092
2025-10-31 14:00:00,6622,21.164173965569315
2025-10-31 15:00:00,7160,20.80567597765363
2025-10-31 16:00:00,7102,20.151126443255418
2025-10-31 17:00:00,7958,18.81701432520734
2025-10-31 18:00:00,8122,18.417042600344743
2025-10-31 19:00:00,7651,18.184642530388185
2025-10-31 20:00:00,6812,19.42163241338814
2025-10-31 21:00:00,6846,20.526862401402276
2025-10-31 22:00:00,6673,21.441228832609024
2025-10-31 23:00:00,6386,22.092442843720637
2025-11-01 00:00:00,5562,21.756387989931678
2025-11-01 01:00:00,4693,20.367690176859153
2025-11-01 02:00:00,3352,17.816933174224342
2025-11-01 03:00:00,2467,17.27538305634374
2025-11-01 04:00:00,1756,17.72166856492027
2025-11-01 05:00:00,823,22.907436208991495
2025-11-01 06:00:00,833,23.451980792316927
2025-11-01 07:00:00,1464,24.005321038251367
2025-11-01 08:00:00,2253,19.56526409232135
2025-11-01 09:00:00,3656,18.396783369803064
2025-11-01 10:00:00,4827,17.4567578205925
2025-11-01 11:00:00,5471,16.52563151160665
2025-11-01 12:00:00,6153,17.292462213554366
2025-11-01 13:00:00,6394,17.315334688770722
2025-11-01 14:00:00,6621,18.88954236520163
2025-11-01 15:00:00,6960,19.90943103448276
2025-11-01 16:00:00,7149,19.789025038466917
2025-11-01 17:00:00,7310,19.113425444596444
2025-11-01 18:00:00,7246,19.5604871653326
2025-11-01 19:00:00,6483,18.030567638438995
2025-11-01 20:00:00,5667,18.782320451738133
2025-11-01 21:00:00,5950,18.674391596638657
2025-11-01 22:00:00,6251,18.6805391137418
2025-11-01 23:00:00,4963,19.229691718718517
2025-11-02 00:00:00,4737,17.88431496727887
2025-11-02 01:00:00,7698,16.622003117692906
2025-11-02 02:00:00,2220,16.03125225225225
2025-11-02 03:00:00,1318,16.745265553869498
2025-11-02 04:00:00,906,19.93633554083885
2025-11-02 05:00:00,807,24.384857496902107
2025-11-02 06:00:00,941,25.485175345377257
2025-11-02 07:00:00,1481,22.51808237677245
2025-11-02 08:00:00,1989,20.491925590749123
2025-11-02 09:00:00,3034,17.865692155570205
2025-11-02 10:00:00,3824,16.506971757322177
2025-11-02 11:00:00,4791,16.97743268628679
2025-11-02 12:00:00,5539,17.281873984473734
2025-11-02 13:00:00,5991,19.459574361542312
2025-11-02 14:00:00,6512,21.156022727272724
2025-11-02 15:00:00,6209,21.683900789177
2025-11-02 16:00:00,6360,22.897864779874215
2025-11-02 17:00:00,6019,22.21003156670543
2025-11-02 18:00:00,6229,22.606222507625624
2025-11-02 19:00:00,5595,22.394448614834673
2025-11-02 20:00:00,5169,22.36530857032308
2025-11-02 21:00:00,4956,21.410498385794995
2025-11-02 22:00:00,3178,23.144773442416614
2025-11-02 23:00:00,1983,26.80423096318709
2025-11-03 00:00:00,1070,27.845345794392525
2025-11-03 01:00:00,425,18.04218823529412
2025-11-03 02:00:00,224,18.584821428571427
2025-11-03 03:00:00,178,24.480337078651687
2025-11-03 04:00:00,425,37.385176470588235
2025-11-03 05:00:00,732,32.22199453551912
2025-11-03 06:00:00,1883,25.7722517259692
2025-11-03 07:00:00,3516,20.284354379977245
2025-11-03 08:00:00,4351,20.222914272581015
2025-11-03 09:00:00,4717,20.523434386262455
2025-11-03 10:00:00,5062,21.312917819043857
2025-11-03 11:00:00,5317,21.828581907090467
2025-11-03 12:00:00,5521,21.83071907263177
2025-11-03 13:00:00,5772,23.024592862092863
2025-11-03 14:00:00,6294,23.897588179218307
2025-11-03 15:00:00,6709,22.88431957072589
2025-11-03 16:00:00,6721,22.415820562416307
2025-11-03 17:00:00,7386,19.801580016246955
2025-11-03 18:00:00,7274,19.216627715149848
2025-11-03 19:00:00,7270,17.91147455295736
2025-11-03 20:00:00,5825,18.568757081545062
2025-11-03 21:00:00,5561,19.3954756338788
2025-11-03 22:00:00,4057,19.89344836085778
2025-11-03 23:00:00,2218,23.361952209197476
2025-11-04 00:00:00,1176,25.94019557823129
2025-11-04 01:00:00,388,17.92216494845361
2025-11-04 02:00:00,172,18.11046511627907
2025-11-04 03:00:00,139,25.510143884892084
2025-11-04 04:00:00,292,28.191883561643838
2025-11-04 05:00:00,676,27.775502958579885
2025-11-04 06:00:00,1721,23.29263219058687
2025-11-04 07:00:00,3554,18.901111423747892
2025-11-04 08:00:00,4561,18.568651611488708
2025-11-04 09:00:00,5083,19.412931339759982
2025-11-04 10:00:00,5104,20.156569357366774
2025-11-04 11:00:00,5414,20.54446250461766
2025-11-04 12:00:00,5834,20.237829962290025
2025-11-04 13:00:00,5813,21.03950283846551
2025-11-04 14:00:00,6482,21.650499845726628
2025-11-04 15:00:00,6727,20.165888211684255
2025-11-04 16:00:00,6836,20.988070509069633
2025-11-04 17:00:00,7425,19.537076094276095
2025-11-04 18:00:00,7728,18.053774585921325
2025-11-04 19:00:00,6464,18.59382425742574
2025-11-04 20:00:00,6475,18.368214671814673
2025-11-04 21:00:00,6651,18.496776424597805
2025-11-04 22:00:00,5204,19.432303996925445
2025-11-04 23:00:00,2834,21.093521524347214
2025-11-05 00:00:00,1537,21.61674690956409
2025-11-05 01:00:00,554,19.279277978339348
2025-11-05 02:00:00,260,17.797692307692305
2025-11-05 03:00:00,207,24.181159420289855
2025-11-05 04:00:00,273,32.03333333333333
2025-11-05 05:00:00,692,29.11838150289017
2025-11-05 06:00:00,1885,22.818572944297085
2025-11-05 07:00:00,3752,17.75622068230277
2025-11-05 08:00:00,4993,18.03298818345684
2025-11-05 09:00:00,5392,19.485524851632047
2025-11-05 10:00:00,5479,20.196461033035227
2025-11-05 11:00:00,5512,20.937931785195936
2025-11-05 12:00:00,5937,21.546228735051375
2025-11-05 13:00:00,6272,22.62247767857143
2025-11-05 14:00:00,6498,23.322068328716526
2025-11-05 15:00:00,7204,22.298827040533038
2025-11-05 16:00:00,7079,22.343068229975984
2025-11-05 17:00:00,7954,20.238725169725925
2025-11-05 18:00:00,8244,18.538628093158664
2025-11-05 19:00:00,7495,18.33403335557038
2025-11-05 20:00:00,7406,19.03715095868215
2025-11-05 21:00:00,7670,19.246242503259452
2025-11-05 22:00:00,6475,19.329040926640925
2025-11-05 23:00:00,3476,21.075397008055237
2025-11-06 00:00:00,1701,20.83044679600235
2025-11-06 01:00:00,715,15.740209790209791
2025-11-06 02:00:00,442,17.494570135746606
2025-11-06 03:00:00,294,20.54391156462585
2025-11-06 04:00:00,295,30.537999999999997
2025-11-06 05:00:00,694,29.429827089337174
2025-11-06 06:00:00,1850,24.463124324324323
2025-11-06 07:00:00,4043,18.790596092010883
2025-11-06 08:00:00,5426,19.309953925543677
2025-11-06 09:00:00,5713,19.63416943812358
2025-11-06 10:00:00,5638,20.741493437389146
2025-11-06 11:00:00,5966,21.17436640965471
2025-11-06 12:00:00,6405,22.345492583918816
2025-11-06 13:00:00,6599,22.81791483558115
2025-11-06 14:00:00,7343,22.55562712787689
2025-11-06 15:00:00,7646,22.35473057808004
2025-11-06 16:00:00,7813,22.844552668629206
2025-11-06 17:00:00,8643,20.89797524007868
2025-11-06 18:00:00,9124,19.560337571240684
2025-11-06 19:00:00,8029,19.72779424585876
2025-11-06 20:00:00,7643,18.57989140389899
2025-11-06 21:00:00,8131,19.43129627352109
2025-11-06 22:00:00,6827,21.462482788926323
2025-11-06 23:00:00,4874,21.0801066885515
2025-11-07 00:00:00,2961,22.374468085106383
2025-11-07 01:00:00,1415,17.96796466431095
2025-11-07 02:00:00,756,14.428902116402117
2025-11-07 03:00:00,458,18.040633187772926
2025-11-07 04:00:00,473,31.943763213530655
2025-11-07 05:00:00,738,31.152154471544716
2025-11-07 06:00:00,1674,26.82793906810036
2025-11-07 07:00:00,3214,21.04674548848787
2025-11-07 08:00:00,4254,20.000559473436766
2025-11-07 09:00:00,4813,20.097446499065033
2025-11-07 10:00:00,5382,21.30007060572278
2025-11-07 11:00:00,5539,21.305934284166817
2025-11-07 12:00:00,5896,22.03601933514247
2025-11-07 13:00:00,6202,21.084733956788135
2025-11-07 14:00:00,6966,22.17107522250933
2025-11-07 15:00:00,7291,22.278705253051708
2025-11-07 16:00:00,7581,22.099352328188893
2025-11-07 17:00:00,7905,19.642569259962052
2025-11-07 18:00:00,7774,18.480744790326728
2025-11-07 19:00:00,6887,19.77324524466386
2025-11-07 20:00:00,5736,19.347304741980473
2025-11-07 21:00:00,6396,19.517793933708568
2025-11-07 22:00:00,6810,19.788947136563877
2025-11-07 23:00:00,6295,18.702638602065132
2025-11-08 00:00:00,5007,17.36828639904134
2025-11-08 01:00:00,3664,15.393089519650655
2025-11-08 02:00:00,2491,14.543673223604978
2025-11-08 03:00:00,1552,14.464922680412371
2025-11-08 04:00:00,737,18.772293080054276
2025-11-08 05:00:00,445,29.75941573033708
2025-11-08 06:00:00,776,26.213775773195877
2025-11-08 07:00:00,1295,21.431637065637066
2025-11-08 08:00:00,2318,20.213688524590165
2025-11-08 09:00:00,3684,17.488401194353962
2025-11-08 10:00:00,4753,17.23298127498422
2025-11-08 11:00:00,5390,17.785124304267164
2025-11-08 12:00:00,6227,18.099322306086396
2025-11-08 13:00:00,6420,19.043071651090344
2025-11-08 14:00:00,6486,19.858291705211226
2025-11-08 15:00:00,7033,20.107126404094984
2025-11-08 16:00:00,7362,20.133550665580007
2025-11-08 17:00:00,7359,20.08505231689088
2025-11-08 18:00:00,7251,19.512981657702387
2025-11-08 19:00:00,6662,19.244000300210146
2025-11-08 20:00:00,5674,18.722412759957702
2025-11-08 21:00:00,6306,18.18662860767523
2025-11-08 22:00:00,6863,19.703451843217252
2025-11-08 23:00:00,6298,18.883262940616067
2025-11-09 00:00:00,5305,18.19857304429783
2025-11-09 01:00:00,4413,17.23470201676864
2025-11-09 02:00:00,3015,16.079170812603646
2025-11-09 03:00:00,1837,16.54732716385411
2025-11-09 04:00:00,1031,22.490746847720658
2025-11-09 05:00:00,564,28.423492907801418
2025-11-09 06:00:00,707,28.565190947666196
2025-11-09 07:00:00,1173,26.010034100596762
2025-11-09 08:00:00,2014,21.779553128103274
2025-11-09 09:00:00,3392,19.007458726415095
2025-11-09 10:00:00,4429,18.329372318807856
2025-11-09 11:00:00,5310,18.12746892655367
2025-11-09 12:00:00,5983,18.57850910914257
2025-11-09 13:00:00,6241,19.780024034609838
2025-11-09 14:00:00,7929,19.378886366502712
2025-11-09 15:00:00,6433,20.21227421109902
2025-11-09 16:00:00,6066,21.872030992416747
2025-11-09 17:00:00,5824,21.720307348901102
2025-11-09 18:00:00,5071,20.98308814829422
2025-11-09 19:00:00,4305,21.730401858304297
2025-11-09 20:00:00,4071,20.293306312945223
2025-11-09 21:00:00,3542,20.8148418972332
2025-11-09 22:00:00,2942,24.508048946295034
2025-11-09 23:00:00,1973,29.09617334009123
2025-11-10 00:00:00,1406,32.4873399715505
2025-11-10 01:00:00,1046,38.164426386233266
2025-11-10 02:00:00,712,43.95926966292135
2025-11-10 03:00:00,492,40.975426829268294
2025-11-10 04:00:00,316,35.01493670886076
2025-11-10 05:00:00,636,31.81056603773585
2025-11-10 06:00:00,1619,24.98245830759728
2025-11-10 07:00:00,3337,20.97843572070722
2025-11-10 08:00:00,4433,20.236726821565533
2025-11-10 09:00:00,4906,20.97284957195271
2025-11-10 10:00:00,5049,21.04925529807883
2025-11-10 11:00:00,5637,20.126278162142984
2025-11-10 12:00:00,6387,19.78677000156568
2025-11-10 13:00:00,6654,20.51866847009318
2025-11-10 14:00:00,6229,22.156914432493178
2025-11-10 15:00:00,6675,21.177258426966294
2025-11-10 16:00:00,6878,21.06497382960163
2025-11-10 17:00:00,7615,19.623149047931715
2025-11-10 18:00:00,7634,17.820239717055276
2025-11-10 19:00:00,6490,18.252469953775037
2025-11-10 20:00:00,6165,18.85112408759124
2025-11-10 21:00:00,5584,18.12439111747851
2025-11-10 22:00:00,4177,20.062147474263824
2025-11-10 23:00:00,2668,24.048631934032983
2025-11-11 00:00:00,1368,28.244086257309945
2025-11-11 01:00:00,916,32.27422489082969
2025-11-11 02:00:00,476,31.679201680672268
2025-11-11 03:00:00,205,25.826829268292684
2025-11-11 04:00:00,219,35.75940639269407
2025-11-11 05:00:00,544,29.676286764705882
2025-11-11 06:00:00,1342,23.221065573770492
2025-11-11 07:00:00,3258,18.43879373848987
2025-11-11 08:00:00,4312,18.780287569573286
2025-11-11 09:00:00,4864,19.994987664473683
2025-11-11 10:00:00,5039,20.879982139313356
2025-11-11 11:00:00,5278,21.655475558923836
2025-11-11 12:00:00,5766,21.281876517516476
2025-11-11 13:00:00,5930,22.613082630691398
2025-11-11 14:00:00,6276,22.68938655194391
2025-11-11 15:00:00,6617,22.351393380686112
2025-11-11 16:00:00,6479,22.958731285692235
2025-11-11 17:00:00,6976,20.146909403669724
2025-11-11 18:00:00,7660,17.56415404699739
2025-11-11 19:00:00,6710,18.983532041728765
2025-11-11 20:00:00,6368,18.23932317839196
2025-11-11 21:00:00,6513,18.145123598955934
2025-11-11 22:00:00,5074,19.679889633425304
2025-11-11 23:00:00,2739,21.51192405987587
2025-11-12 00:00:00,1481,26.96126941255908
2025-11-12 01:00:00,515,19.83097087378641
2025-11-12 02:00:00,248,17.81693548387097
2025-11-12 03:00:00,144,22.408333333333335
2025-11-12 04:00:00,226,29.679159292035397
2025-11-12 05:00:00,651,27.26940092165899
2025-11-12 06:00:00,1791,24.6977833612507
2025-11-12 07:00:00,3889,19.00172795062998
2025-11-12 08:00:00,5254,18.204347164065474
2025-11-12 09:00:00,5374,19.52576107182732
2025-11-12 10:00:00,5661,21.454730612965907
2025-11-12 11:00:00,5907,21.596529541222278
2025-11-12 12:00:00,5994,21.91411911911912
2025-11-12 13:00:00,6213,22.544043135361342
2025-11-12 14:00:00,6675,23.368522846441948
2025-11-12 15:00:00,7000,22.583782857142857
2025-11-12 16:00:00,7064,23.841255662514158
2025-11-12 17:00:00,7645,21.15688685415304
2025-11-12 18:00:00,8044,20.165003729487818
2025-11-12 19:00:00,7047,19.899317440045408
2025-11-12 20:00:00,7002,18.537627820622678
2025-11-12 21:00:00,7282,18.39323949464433
2025-11-12 22:00:00,6042,19.371648460774576
2025-11-12 23:00:00,3432,20.756011072261074
2025-11-13 00:00:00,1664,20.365036057692308
2025-11-13 01:00:00,718,17.1458217270195
2025-11-13 02:00:00,406,16.15522167487685
2025-11-13 03:00:00,229,20.366375545851525
2025-11-13 04:00:00,244,29.932991803278686
2025-11-13 05:00:00,731,30.426484268125854
2025-11-13 06:00:00,1700,22.81398823529412
2025-11-13 07:00:00,3846,18.832964118564743
2025-11-13 08:00:00,5086,18.24032245379473
2025-11-13 09:00:00,5371,19.686084528020853
2025-11-13 10:00:00,5792,21.11194924033149
2025-11-13 11:00:00,6130,21.163712887438827
2025-11-13 12:00:00,6651,22.47958953540821
2025-11-13 13:00:00,6414,22.792670720299345
2025-11-13 14:00:00,6923,22.53083345370504
2025-11-13 15:00:00,7333,22.33524342015546
2025-11-13 16:00:00,7278,22.968134102775487
2025-11-13 17:00:00,8263,20.052104562507566
2025-11-13 18:00:00,8789,19.322455341904654
2025-11-13 19:00:00,7778,18.592359218308047
2025-11-13 20:00:00,8015,19.355161572052403
2025-11-13 21:00:00,7803,18.5822696398821
2025-11-13 22:00:00,6587,19.94259298618491
2025-11-13 23:00:00,5038,20.750037713378326
2025-11-14 00:00:00,2960,21.627246621621623
2025-11-14 01:00:00,1534,16.88647327249022
2025-11-14 02:00:00,841,14.553757431629013
2025-11-14 03:00:00,530,18.03433962264151
2025-11-14 04:00:00,472,28.302542372881355
2025-11-14 05:00:00,705,30.279744680851067
2025-11-14 06:00:00,1727,24.949785755645628
2025-11-14 07:00:00,3338,20.320880766926305
2025-11-14 08:00:00,4230,19.2459621749409
2025-11-14 09:00:00,4794,19.643877763871505
2025-11-14 10:00:00,5184,21.11625385802469
2025-11-14 11:00:00,5252,21.0232482863671
2025-11-14 12:00:00,5928,21.14939608636977
2025-11-14 13:00:00,6362,21.446669286387927
2025-11-14 14:00:00,6664,21.11810774309724
2025-11-14 15:00:00,7152,22.00917365771812
2025-11-14 16:00:00,7173,20.90025930572982
2025-11-14 17:00:00,7904,19.255902074898785
2025-11-14 18:00:00,8003,18.379456453829814
2025-11-14 19:00:00,6982,19.312071039816672
2025-11-14 20:00:00,6260,18.996199680511182
2025-11-14 21:00:00,7223,18.90864460750381
2025-11-14 22:00:00,7381,19.03299959355101
2025-11-14 23:00:00,6326,17.71675782484983
2025-11-15 00:00:00,5024,16.542249203821655
2025-11-15 01:00:00,3982,14.796260673028629
2025-11-15 02:00:00,2781,14.282096368212875
2025-11-15 03:00:00,1814,14.644393605292173
2025-11-15 04:00:00,912,17.615241228070175
2025-11-15 05:00:00,463,29.5551403887689
2025-11-15 06:00:00,814,26.707555282555283
2025-11-15 07:00:00,1318,22.06775417298938
2025-11-15 08:00:00,2228,18.636229802513462
2025-11-15 09:00:00,3552,16.813561373873874
2025-11-15 10:00:00,4771,16.834177321316286
2025-11-15 11:00:00,5469,16.559989029072955
2025-11-15 12:00:00,6115,17.76407522485691
2025-11-15 13:00:00,6511,18.3390277991092
2025-11-15 14:00:00,6343,19.10139681538704
2025-11-15 15:00:00,7060,20.082096317280453
2025-11-15 16:00:00,7228,20.008851687880465
2025-11-15 17:00:00,7072,19.269555995475113
2025-11-15 18:00:00,7118,18.1442554088227
2025-11-15 19:00:00,7162,18.034259983244905
2025-11-15 20:00:00,6685,18.705253552729992
2025-11-15 21:00:00,5981,18.761763919077076
2025-11-15 22:00:00,6916,18.578963273568537
2025-11-15 23:00:00,6251,17.294959206526954
2025-11-16 00:00:00,5365,16.777252562907737
2025-11-16 01:00:00,4689,15.900328428236298
2025-11-16 02:00:00,3236,15.450621137206427
2025-11-16 03:00:00,1973,16.029675620881907
2025-11-16 04:00:00,1231,19.542453290008122
2025-11-16 05:00:00,558,29.67598566308244
2025-11-16 06:00:00,785,31.365783439490446
2025-11-16 07:00:00,1188,26.182289562289565
2025-11-16 08:00:00,1981,22.03057546693589
2025-11-16 09:00:00,3150,19.392692063492063
2025-11-16 10:00:00,4210,18.1410783847981
2025-11-16 11:00:00,4940,18.35505060728745
2025-11-16 12:00:00,5610,19.054795008912656
2025-11-16 13:00:00,6341,20.421509225674182
2025-11-16 14:00:00,5922,21.929251941911517
2025-11-16 15:00:00,6706,21.079147032508203
2025-11-16 16:00:00,6798,22.74405266254781
2025-11-16 17:00:00,6444,21.22326194909994
2025-11-16 18:00:00,5681,20.372890336208414
2025-11-16 19:00:00,5080,22.903525590551183
2025-11-16 20:00:00,4226,21.592056318031236
2025-11-16 21:00:00,4239,21.74330502476999
2025-11-16 22:00:00,3036,24.983277338603425
2025-11-16 23:00:00,1861,26.687931219774313
2025-11-17 00:00:00,1128,29.739024822695036
2025-11-17 01:00:00,673,32.27762258543834
2025-11-17 02:00:00,393,25.297964376590333
2025-11-17 03:00:00,189,27.614285714285717
2025-11-17 04:00:00,277,33.045126353790614
2025-11-17 05:00:00,741,29.722834008097166
2025-11-17 06:00:00,1783,23.920835670218732
2025-11-17 07:00:00,3679,19.919785267735797
2025-11-17 08:00:00,4821,19.117266127359468
2025-11-17 09:00:00,5342,19.958719580681393
2025-11-17 10:00:00,5167,19.962918521385717
2025-11-17 11:00:00,5391,20.189732888146914
2025-11-17 12:00:00,5785,20.469961970613657
2025-11-17 13:00:00,5901,21.901972547025927
2025-11-17 14:00:00,6556,21.52085570469799
2025-11-17 15:00:00,6758,20.84214412548091
2025-11-17 16:00:00,6974,22.38433897332951
2025-11-17 17:00:00,7352,20.05322769314472
2025-11-17 18:00:00,7358,18.665458004892635
2025-11-17 19:00:00,6262,19.367486426061962
2025-11-17 20:00:00,6051,19.48714096843497
2025-11-17 21:00:00,5539,19.499389781549016
2025-11-17 22:00:00,3884,19.997605561277034
2025-11-17 23:00:00,2401,22.789133694294044
2025-11-18 00:00:00,1425,26.726680701754383
2025-11-18 01:00:00,539,25.135343228200373
2025-11-18 02:00:00,177,16.492655367231638
2025-11-18 03:00:00,136,22.84264705882353
2025-11-18 04:00:00,229,33.750655021834056
2025-11-18 05:00:00,641,28.64126365054602
2025-11-18 06:00:00,1738,24.782071346375144
2025-11-18 07:00:00,3794,19.42894570374275
2025-11-18 08:00:00,5171,19.28739895571456
2025-11-18 09:00:00,5382,19.582616127833518
2025-11-18 10:00:00,5489,20.285350701402805
2025-11-18 11:00:00,5739,21.202934309113086
2025-11-18 12:00:00,6236,21.786877806286082
2025-11-18 13:00:00,6215,22.401578439259854
2025-11-18 14:00:00,6844,22.365384278199883
2025-11-18 15:00:00,7151,21.324217591945185
2025-11-18 16:00:00,7141,21.851984315922138
2025-11-18 17:00:00,8136,18.97681784660767
2025-11-18 18:00:00,8430,17.639695136417558
2025-11-18 19:00:00,7054,18.627899064360648
2025-11-18 20:00:00,7106,18.278962848297212
2025-11-18 21:00:00,7208,18.16006104328524
2025-11-18 22:00:00,5636,18.512136266855926
2025-11-18 23:00:00,3443,19.610153935521346
2025-11-19 00:00:00,1309,19.18768525592055
2025-11-19 01:00:00,595,17.060773109243698
2025-11-19 02:00:00,272,18.074301470588235
2025-11-19 03:00:00,214,20.63747663551402
2025-11-19 04:00:00,257,31.033346303501943
2025-11-19 05:00:00,662,25.827341389728097
2025-11-19 06:00:00,1947,22.591273754494093
2025-11-19 07:00:00,3883,18.35285088848828
2025-11-19 08:00:00,5030,18.178709741550698
2025-11-19 09:00:00,5490,19.498158469945356
2025-11-19 10:00:00,5760,21.044298611111113
2025-11-19 11:00:00,5906,21.280074500507958
2025-11-19 12:00:00,6149,21.599395023581067
2025-11-19 13:00:00,6383,22.316182046059847
2025-11-19 14:00:00,6750,22.41914814814815
2025-11-19 15:00:00,7198,22.59648235621006
2025-11-19 16:00:00,7276,22.631920010995053
2025-11-19 17:00:00,7961,20.279282753422937
2025-11-19 18:00:00,8673,19.011218724778047
2025-11-19 19:00:00,7583,18.901689305024398
2025-11-19 20:00:00,7214,18.874214028278345
2025-11-19 21:00:00,7670,18.51648631029987
2025-11-19 22:00:00,6702,18.717103849597134
2025-11-19 23:00:00,4087,20.168118424272084
2025-11-20 00:00:00,1918,19.38301355578728
2025-11-20 01:00:00,802,18.248154613466333
2025-11-20 02:00:00,455,15.31101098901099
2025-11-20 03:00:00,264,17.027651515151515
2025-11-20 04:00:00,322,32.67201863354037
2025-11-20 05:00:00,672,29.966220238095236
2025-11-20 06:00:00,1741,24.973670304422747
2025-11-20 07:00:00,3828,19.16698014629049
2025-11-20 08:00:00,4986,18.683596068993182
2025-11-20 09:00:00,5319,19.46808610641098
2025-11-20 10:00:00,5819,19.969991407458327
2025-11-20 11:00:00,6041,20.615518953815595
2025-11-20 12:00:00,6336,21.82521148989899
2025-11-20 13:00:00,6550,22.536706870229008
2025-11-20 14:00:00,7178,23.3284703259961
2025-11-20 15:00:00,7509,22.437063523771474
2025-11-20 16:00:00,7548,22.876070482246952
2025-11-20 17:00:00,8378,20.313745523991408
2025-11-20 18:00:00,8759,18.266046352323322
2025-11-20 19:00:00,8042,19.393525242476997
2025-11-20 20:00:00,7744,19.317781508264463
2025-11-20 21:00:00,8026,19.12043483678046
2025-11-20 22:00:00,6933,18.554267993653543
2025-11-20 23:00:00,4955,20.914038345105954
2025-11-21 00:00:00,2847,20.271510361784333
2025-11-21 01:00:00,1668,18.740533573141487
2025-11-21 02:00:00,854,15.48271662763466
2025-11-21 03:00:00,545,17.14829357798165
2025-11-21 04:00:00,443,27.42022573363431
2025-11-21 05:00:00,773,32.52900388098318
2025-11-21 06:00:00,1611,26.58988826815642
2025-11-21 07:00:00,3182,20.530059710873665
2025-11-21 08:00:00,4290,18.771242424242427
2025-11-21 09:00:00,4894,19.48689619942787
2025-11-21 10:00:00,5222,20.665903868249714
2025-11-21 11:00:00,5416,20.032896971935006
2025-11-21 12:00:00,5916,21.43261663286004
2025-11-21 13:00:00,5999,20.919436572762127
2025-11-21 14:00:00,6778,22.789797875479493
2025-11-21 15:00:00,7283,21.867614993821228
2025-11-21 16:00:00,7183,21.79767506612836
2025-11-21 17:00:00,7876,18.96794438801422
2025-11-21 18:00:00,8177,18.387376788553258
2025-11-21 19:00:00,6743,18.2411463740175
2025-11-21 20:00:00,6047,20.19695551513147
2025-11-21 21:00:00,6526,19.72044284400858
2025-11-21 22:00:00,6491,19.449990756431983
2025-11-21 23:00:00,5670,19.632070546737214
2025-11-22 00:00:00,4671,17.620462427745665
2025-11-22 01:00:00,3527,15.586762120782534
2025-11-22 02:00:00,2579,15.475502132609538
2025-11-22 03:00:00,1621,14.874706971005553
2025-11-22 04:00:00,911,19.534313940724477
2025-11-22 05:00:00,509,28.97104125736739
2025-11-22 06:00:00,765,25.801450980392158
2025-11-22 07:00:00,1351,22.291495188749074
2025-11-22 08:00:00,2419,19.383154195948737
2025-11-22 09:00:00,3402,17.988268665490885
2025-11-22 10:00:00,4454,16.74521329142344
2025-11-22 11:00:00,5131,16.858337556031962
2025-11-22 12:00:00,5863,17.78539826027631
2025-11-22 13:00:00,6235,18.201308740978348
2025-11-22 14:00:00,6096,19.518636811023622
2025-11-22 15:00:00,6535,20.42395103289977
2025-11-22 16:00:00,6991,19.843255614361322
2025-11-22 17:00:00,6597,19.184164013945733
2025-11-22 18:00:00,6949,19.527809756799538
2025-11-22 19:00:00,6412,17.91796007485964
2025-11-22 20:00:00,5584,19.741418338108883
2025-11-22 21:00:00,5828,18.277426218256693
2025-11-22 22:00:00,6622,18.647426759287224
2025-11-22 23:00:00,5746,18.995635224504003
2025-11-23 00:00:00,4697,17.750866510538643
2025-11-23 01:00:00,3711,15.99322554567502
2025-11-23 02:00:00,2521,14.834363347877826
2025-11-23 03:00:00,1686,15.841346381969156
2025-11-23 04:00:00,947,20.37961985216473
2025-11-23 05:00:00,440,29.962954545454547
2025-11-23 06:00:00,759,29.29040843214756
2025-11-23 07:00:00,1248,22.708557692307693
2025-11-23 08:00:00,1897,20.89880864522931
2025-11-23 09:00:00,3032,18.235854221635883
2025-11-23 10:00:00,4274,16.837042583060366
2025-11-23 11:00:00,4975,17.242249246231157
2025-11-23 12:00:00,5593,18.437423565170747
2025-11-23 13:00:00,5818,19.557987280852526
2025-11-23 14:00:00,5864,20.340648021828102
2025-11-23 15:00:00,5880,20.981027210884353
2025-11-23 16:00:00,5891,21.77366661008318
2025-11-23 17:00:00,5570,20.97084919210054
2025-11-23 18:00:00,5205,20.47286071085495
2025-11-23 19:00:00,4449,20.933319847156664
2025-11-23 20:00:00,3992,19.62510771543086
2025-11-23 21:00:00,3564,20.70629068462402
2025-11-23 22:00:00,2865,22.315685863874346
2025-11-23 23:00:00,1835,27.258828337874657
2025-11-24 00:00:00,994,31.688923541247487
2025-11-24 01:00:00,443,23.466568848758467
2025-11-24 02:00:00,226,22.424336283185838
2025-11-24 03:00:00,182,27.247252747252748
2025-11-24 04:00:00,266,34.313345864661656
2025-11-24 05:00:00,680,31.135323529411764
2025-11-24 06:00:00,1670,26.55408383233533
2025-11-24 07:00:00,3316,19.898875150784075
2025-11-24 08:00:00,4205,19.25824970273484
2025-11-24 09:00:00,4635,19.40653721682848
2025-11-24 10:00:00,4885,19.941547594677587
2025-11-24 11:00:00,5307,19.90527416619559
2025-11-24 12:00:00,5627,19.758487648835967
2025-11-24 13:00:00,5706,19.98562390466176
2025-11-24 14:00:00,6351,21.193964729963785
2025-11-24 15:00:00,6791,21.29470917390664
2025-11-24 16:00:00,6520,20.793030674846626
2025-11-24 17:00:00,6787,19.483276852806835
2025-11-24 18:00:00,6681,18.103864690914534
2025-11-24 19:00:00,5487,18.546848915618735
2025-11-24 20:00:00,4961,18.978647450110866
2025-11-24 21:00:00,4960,17.257981854838707
2025-11-24 22:00:00,3604,18.806434517203108
2025-11-24 23:00:00,2124,21.729270244821095
2025-11-25 00:00:00,1125,23.260053333333335
2025-11-25 01:00:00,468,20.42232905982906
2025-11-25 02:00:00,225,16.992044444444446
2025-11-25 03:00:00,162,26.299382716049383
2025-11-25 04:00:00,236,34.69322033898305
2025-11-25 05:00:00,655,28.874809160305343
2025-11-25 06:00:00,1585,23.840902208201893
2025-11-25 07:00:00,3312,19.49002415458937
2025-11-25 08:00:00,4526,18.127182942996026
2025-11-25 09:00:00,5091,18.977603614221174
2025-11-25 10:00:00,5508,20.161653957879448
2025-11-25 11:00:00,5649,19.931832182687202
2025-11-25 12:00:00,6162,20.153094774423888
2025-11-25 13:00:00,6511,20.791354630625097
2025-11-25 14:00:00,7430,21.335671601615076
2025-11-25 15:00:00,8219,20.87794378878209
2025-11-25 16:00:00,7817,21.867803505181016
2025-11-25 17:00:00,7969,21.07319362529803
2025-11-25 18:00:00,8011,19.380757708151293
2025-11-25 19:00:00,6837,18.787909902003804
2025-11-25 20:00:00,5515,18.833923844061648
2025-11-25 21:00:00,5417,18.363522244784935
2025-11-25 22:00:00,4046,18.632041522491352
2025-11-25 23:00:00,2449,21.415492037566352
2025-11-26 00:00:00,1272,23.140841194968555
2025-11-26 01:00:00,573,18.488603839441534
2025-11-26 02:00:00,312,19.83153846153846
2025-11-26 03:00:00,229,24.586375545851528
2025-11-26 04:00:00,332,32.092259036144576
2025-11-26 05:00:00,669,30.276905829596412
2025-11-26 06:00:00,1377,26.602636165577344
2025-11-26 07:00:00,2473,21.074185200161747
2025-11-26 08:00:00,3516,20.07255403868032
2025-11-26 09:00:00,4388,19.534437101185052
2025-11-26 10:00:00,4953,19.68781546537452
2025-11-26 11:00:00,5613,19.608649563513275
2025-11-26 12:00:00,6183,20.40649522885331
2025-11-26 13:00:00,6387,20.42422890245812
2025-11-26 14:00:00,6452,20.487238065716056
2025-11-26 15:00:00,6697,21.714343736001194
2025-11-26 16:00:00,6321,22.01160259452618
2025-11-26 17:00:00,5758,20.276807919416463
2025-11-26 18:00:00,5767,18.437586266689788
2025-11-26 19:00:00,6498,16.59062480763312
2025-11-26 20:00:00,4596,19.70814403829417
2025-11-26 21:00:00,4038,18.90416047548291
2025-11-26 22:00:00,3724,19.094143394199783
2025-11-26 23:00:00,2759,19.676618339978255
2025-11-27 00:00:00,1930,19.80640414507772
2025-11-27 01:00:00,1331,16.298797896318558
2025-11-27 02:00:00,956,16.749529288702927
2025-11-27 03:00:00,676,17.212869822485207
2025-11-27 04:00:00,501,22.60758483033932
2025-11-27 05:00:00,416,27.1665625
2025-11-27 06:00:00,790,24.019037974683545
2025-11-27 07:00:00,1303,19.830698388334614
2025-11-27 08:00:00,1623,18.08059765865681
2025-11-27 09:00:00,2104,18.50953422053232
2025-11-27 10:00:00,2653,18.5771880889559
2025-11-27 11:00:00,3080,20.03493831168831
2025-11-27 12:00:00,3394,19.66541249263406
2025-11-27 13:00:00,3654,20.74082375478927
2025-11-27 14:00:00,4052,21.270426949654492
2025-11-27 15:00:00,4272,19.629037921348313
2025-11-27 16:00:00,4105,19.21921802679659
2025-11-27 17:00:00,3682,18.23456816947311
2025-11-27 18:00:00,3437,17.1038376491126
2025-11-27 19:00:00,3636,17.865371287128713
2025-11-27 20:00:00,3935,17.522116899618805
2025-11-27 21:00:00,3518,15.582166003411029
2025-11-27 22:00:00,2783,17.006370822853036
2025-11-27 23:00:00,1565,18.04335463258786
2025-11-28 00:00:00,825,17.595757575757577
2025-11-28 01:00:00,456,15.51359649122807
2025-11-28 02:00:00,263,15.916768060836501
2025-11-28 03:00:00,200,21.6845
2025-11-28 04:00:00,182,27.67142857142857
2025-11-28 05:00:00,318,33.710220125786165
2025-11-28 06:00:00,624,25.897115384615383
2025-11-28 07:00:00,1116,20.783960573476705
2025-11-28 08:00:00,1640,16.82256707317073
2025-11-28 09:00:00,2530,16.292553359683797
2025-11-28 10:00:00,3541,17.908141767862187
2025-11-28 11:00:00,4137,16.86120618805898
2025-11-28 12:00:00,4548,17.530123131046615
2025-11-28 13:00:00,5068,18.348399763220204
2025-11-28 14:00:00,5652,19.60255484784147
2025-11-28 15:00:00,5927,19.916377594061075
2025-11-28 16:00:00,5807,20.10704838987429
2025-11-28 17:00:00,5580,19.79313440860215
2025-11-28 18:00:00,5328,19.27784346846847
2025-11-28 19:00:00,4810,20.169024948024948
2025-11-28 20:00:00,4196,19.611515729265967
2025-11-28 21:00:00,4244,19.497073515551367
2025-11-28 22:00:00,4521,19.148969254589694
2025-11-28 23:00:00,2969,18.879067025934656
2025-11-29 00:00:00,1945,18.168724935732648
2025-11-29 01:00:00,1279,16.871774824081314
2025-11-29 02:00:00,874,15.236178489702517
2025-11-29 03:00:00,611,17.23836333878887
2025-11-29 04:00:00,496,23.32310483870968
2025-11-29 05:00:00,358,34.729050279329606
2025-11-29 06:00:00,571,27.01295971978984
2025-11-29 07:00:00,994,25.36244466800805
2025-11-29 08:00:00,1683,22.45905525846702
2025-11-29 09:00:00,2728,19.719299853372434
2025-11-29 10:00:00,3764,18.83913655685441
2025-11-29 11:00:00,4697,18.01641047477113
2025-11-29 12:00:00,5103,18.873756613756612
2025-11-29 13:00:00,5439,21.074350064350064
2025-11-29 14:00:00,5594,22.172593850554165
2025-11-29 15:00:00,6015,22.095715710723194
2025-11-29 16:00:00,6688,22.286299342105263
2025-11-29 17:00:00,6034,21.51775936360623
2025-11-29 18:00:00,5848,21.54143125854993
2025-11-29 19:00:00,5487,21.69808456351376
2025-11-29 20:00:00,4812,22.47323773898587
2025-11-29 21:00:00,4817,21.840475399626325
2025-11-29 22:00:00,4967,22.028312864908397
2025-11-29 23:00:00,4131,23.415194868070685
2025-11-30 00:00:00,3133,20.58616661346952
2025-11-30 01:00:00,2095,20.176233890214796
2025-11-30 02:00:00,1406,15.611820768136559
2025-11-30 03:00:00,962,18.016216216216215
2025-11-30 04:00:00,707,23.14960396039604
2025-11-30 05:00:00,450,35.1158
2025-11-30 06:00:00,614,31.533908794788275
2025-11-30 07:00:00,1018,27.55534381139489
2025-11-30 08:00:00,1705,24.15377126099707
2025-11-30 09:00:00,2671,21.6709696742793
2025-11-30 10:00:00,4362,18.378175149014215
2025-11-30 11:00:00,4897,17.799369001429447
2025-11-30 12:00:00,5222,19.127357334354652
2025-11-30 13:00:00,5829,20.47411219763253
2025-11-30 14:00:00,5967,22.636884531590415
2025-11-30 15:00:00,5352,23.461670403587444
2025-11-30 16:00:00,5480,22.67176824817518
2025-11-30 17:00:00,5202,23.06479046520569
2025-11-30 18:00:00,4780,20.821033472803347
2025-11-30 19:00:00,4391,23.139214301981323
2025-11-30 20:00:00,4167,23.40964242860571
2025-11-30 21:00:00,3671,25.315592481612637
2025-11-30 22:00:00,2836,30.479368829337098
2025-11-30 23:00:00,2118,32.244877242681774
